{"name":"unknownNode","value":6565.29931640625,"dataType":"unknown","timestamp":"2025-04-25T07:35:37.144Z"}
{"name":"unknownNode","value":134.1875,"dataType":"unknown","timestamp":"2025-04-25T07:35:37.144Z"}
{"name":"unknownNode","value":5854.15869140625,"dataType":"unknown","timestamp":"2025-04-25T07:35:37.144Z"}
{"name":"unknownNode","value":10061.6875,"dataType":"unknown","timestamp":"2025-04-25T07:35:37.144Z"}
{"name":"unknownNode","value":8971.8642578125,"dataType":"unknown","timestamp":"2025-04-25T07:35:37.144Z"}
{"name":"unknownNode","value":5458.60693359375,"dataType":"unknown","timestamp":"2025-04-25T07:35:37.144Z"}
{"name":"unknownNode","value":11648.9755859375,"dataType":"unknown","timestamp":"2025-04-25T07:35:37.175Z"}
{"name":"unknownNode","value":11849.08203125,"dataType":"unknown","timestamp":"2025-04-25T07:35:37.175Z"}
{"name":"unknownNode","value":11451.25,"dataType":"unknown","timestamp":"2025-04-25T07:35:37.175Z"}
{"name":"unknownNode","value":530,"dataType":"unknown","timestamp":"2025-03-27T13:59:42.515Z"}
{"name":"unknownNode","value":225,"dataType":"unknown","timestamp":"2025-04-25T07:01:17.285Z"}
{"name":"unknownNode","value":2052,"dataType":"unknown","timestamp":"2025-04-25T07:35:37.144Z"}
{"name":"unknownNode","value":2266,"dataType":"unknown","timestamp":"2025-04-25T07:35:34.011Z"}
{"name":"unknownNode","value":346,"dataType":"unknown","timestamp":"2025-04-25T07:35:37.175Z"}
{"name":"unknownNode","value":1930,"dataType":"unknown","timestamp":"2025-04-25T07:35:37.175Z"}
{"name":"unknownNode","value":1,"dataType":"unknown","timestamp":"2025-04-23T14:19:49.460Z"}
{"name":"unknownNode","value":8203,"dataType":"unknown","timestamp":"2025-04-25T07:35:37.144Z"}
{"name":"unknownNode","value":8212,"dataType":"unknown","timestamp":"2025-04-25T07:35:36.082Z"}
{"name":"unknownNode","value":8207,"dataType":"unknown","timestamp":"2025-04-25T07:35:37.144Z"}
{"name":"unknownNode","value":257,"dataType":"unknown","timestamp":"2025-03-31T05:34:09.380Z"}
{"name":"unknownNode","value":338,"dataType":"unknown","timestamp":"2025-04-25T07:29:33.205Z"}
{"name":"unknownNode","value":3,"dataType":"unknown","timestamp":"2025-04-25T07:35:37.144Z"}
{"name":"unknownNode","value":0,"dataType":"unknown","timestamp":"2025-04-25T06:21:10.270Z"}
{"name":"unknownNode","value":0,"dataType":"unknown","timestamp":"2025-04-25T06:21:10.270Z"}
{"name":"unknownNode","value":83,"dataType":"unknown","timestamp":"2025-04-25T06:50:32.880Z"}
{"name":"unknownNode","value":0,"dataType":"unknown","timestamp":"2025-04-21T09:19:28.656Z"}
{"name":"unknownNode","value":0,"dataType":"unknown","timestamp":"2025-04-21T09:19:28.656Z"}
{"name":"unknownNode","value":0,"dataType":"unknown","timestamp":"2025-04-18T22:48:51.782Z"}
{"name":"unknownNode","value":4.255780220031738,"dataType":"unknown","timestamp":"2025-04-25T07:34:44.310Z"}
{"name":"unknownNode","value":237.10000610351562,"dataType":"unknown","timestamp":"2025-04-25T07:35:36.082Z"}
{"name":"unknownNode","value":237.5,"dataType":"unknown","timestamp":"2025-04-25T07:35:37.144Z"}
{"name":"unknownNode","value":236.14999389648438,"dataType":"unknown","timestamp":"2025-04-25T07:35:37.144Z"}
{"name":"unknownNode","value":664,"dataType":"unknown","timestamp":"2025-04-25T07:01:17.285Z"}
{"name":"unknownNode","value":4,"dataType":"unknown","timestamp":"2025-04-25T07:29:52.894Z"}
{"name":"unknownNode","value":60,"dataType":"unknown","timestamp":"2025-04-23T06:44:37.888Z"}
{"name":"unknownNode","value":3376.0625,"dataType":"unknown","timestamp":"2025-04-25T07:35:39.206Z"}
{"name":"unknownNode","value":9035.9150390625,"dataType":"unknown","timestamp":"2025-04-25T07:35:42.330Z"}
{"name":"unknownNode","value":10.699874877929688,"dataType":"unknown","timestamp":"2025-04-25T07:35:39.206Z"}
{"name":"unknownNode","value":11712.0361328125,"dataType":"unknown","timestamp":"2025-04-25T07:35:42.330Z"}
{"name":"unknownNode","value":2954.334228515625,"dataType":"unknown","timestamp":"2025-04-25T07:35:39.206Z"}
{"name":"unknownNode","value":9904.3916015625,"dataType":"unknown","timestamp":"2025-04-25T07:35:42.330Z"}
{"name":"unknownNode","value":5198.9501953125,"dataType":"unknown","timestamp":"2025-04-25T07:35:39.206Z"}
{"name":"unknownNode","value":9935.4716796875,"dataType":"unknown","timestamp":"2025-04-25T07:35:42.330Z"}
{"name":"unknownNode","value":5049.25,"dataType":"unknown","timestamp":"2025-04-25T07:35:39.206Z"}
{"name":"unknownNode","value":9302.93359375,"dataType":"unknown","timestamp":"2025-04-25T07:35:42.330Z"}
{"name":"unknownNode","value":237.77499389648438,"dataType":"unknown","timestamp":"2025-04-25T07:35:39.206Z"}
{"name":"unknownNode","value":237.35000610351562,"dataType":"unknown","timestamp":"2025-04-25T07:35:42.330Z"}
{"name":"unknownNode","value":235.875,"dataType":"unknown","timestamp":"2025-04-25T07:35:39.206Z"}
{"name":"unknownNode","value":2053,"dataType":"unknown","timestamp":"2025-04-25T07:35:39.206Z"}
{"name":"unknownNode","value":2267,"dataType":"unknown","timestamp":"2025-04-25T07:35:38.159Z"}
{"name":"unknownNode","value":2268,"dataType":"unknown","timestamp":"2025-04-25T07:35:42.330Z"}
{"name":"unknownNode","value":347,"dataType":"unknown","timestamp":"2025-04-25T07:35:40.284Z"}
{"name":"unknownNode","value":8203,"dataType":"unknown","timestamp":"2025-04-25T07:35:42.330Z"}
{"name":"unknownNode","value":8209,"dataType":"unknown","timestamp":"2025-04-25T07:35:38.159Z"}
{"name":"unknownNode","value":8212,"dataType":"unknown","timestamp":"2025-04-25T07:35:41.299Z"}
{"name":"unknownNode","value":8206,"dataType":"unknown","timestamp":"2025-04-25T07:35:38.159Z"}
{"name":"unknownNode","value":8207,"dataType":"unknown","timestamp":"2025-04-25T07:35:42.330Z"}
{"name":"unknownNode","value":4,"dataType":"unknown","timestamp":"2025-04-25T07:35:38.159Z"}
{"name":"unknownNode","value":3,"dataType":"unknown","timestamp":"2025-04-25T07:35:42.330Z"}
{"name":"unknownNode","value":29.484375,"dataType":"unknown","timestamp":"2025-04-25T07:35:39.206Z"}
{"name":"unknownNode","value":12383.4375,"dataType":"unknown","timestamp":"2025-04-25T07:35:42.330Z"}
{"name":"unknownNode","value":11968.9755859375,"dataType":"unknown","timestamp":"2025-04-25T07:35:39.238Z"}
{"name":"unknownNode","value":11712.9755859375,"dataType":"unknown","timestamp":"2025-04-25T07:35:42.361Z"}
{"name":"unknownNode","value":12005.7841796875,"dataType":"unknown","timestamp":"2025-04-25T07:35:39.238Z"}
{"name":"unknownNode","value":11969.6220703125,"dataType":"unknown","timestamp":"2025-04-25T07:35:42.361Z"}
{"name":"unknownNode","value":11728.5,"dataType":"unknown","timestamp":"2025-04-25T07:35:39.238Z"}
{"name":"unknownNode","value":11451.25,"dataType":"unknown","timestamp":"2025-04-25T07:35:42.361Z"}
{"name":"unknownNode","value":237.5,"dataType":"unknown","timestamp":"2025-04-25T07:35:39.206Z"}
{"name":"unknownNode","value":237.35000610351562,"dataType":"unknown","timestamp":"2025-04-25T07:35:42.330Z"}
{"name":"unknownNode","value":1931,"dataType":"unknown","timestamp":"2025-04-25T07:35:44.454Z"}
{"name":"unknownNode","value":4055.07080078125,"dataType":"unknown","timestamp":"2025-04-25T07:35:45.454Z"}
{"name":"unknownNode","value":7096.5,"dataType":"unknown","timestamp":"2025-04-25T07:35:48.532Z"}
{"name":"unknownNode","value":14.257499694824219,"dataType":"unknown","timestamp":"2025-04-25T07:35:45.454Z"}
{"name":"unknownNode","value":12475.3125,"dataType":"unknown","timestamp":"2025-04-25T07:35:48.532Z"}
{"name":"unknownNode","value":3689.43408203125,"dataType":"unknown","timestamp":"2025-04-25T07:35:45.454Z"}
{"name":"unknownNode","value":7870.8798828125,"dataType":"unknown","timestamp":"2025-04-25T07:35:48.532Z"}
{"name":"unknownNode","value":6120.03173828125,"dataType":"unknown","timestamp":"2025-04-25T07:35:45.454Z"}
{"name":"unknownNode","value":8230.1416015625,"dataType":"unknown","timestamp":"2025-04-25T07:35:48.532Z"}
{"name":"unknownNode","value":5880.03076171875,"dataType":"unknown","timestamp":"2025-04-25T07:35:45.454Z"}
{"name":"unknownNode","value":7614.25048828125,"dataType":"unknown","timestamp":"2025-04-25T07:35:48.532Z"}
{"name":"unknownNode","value":237.625,"dataType":"unknown","timestamp":"2025-04-25T07:35:45.454Z"}
{"name":"unknownNode","value":237.625,"dataType":"unknown","timestamp":"2025-04-25T07:35:47.516Z"}
{"name":"unknownNode","value":236.27499389648438,"dataType":"unknown","timestamp":"2025-04-25T07:35:45.454Z"}
{"name":"unknownNode","value":236.14999389648438,"dataType":"unknown","timestamp":"2025-04-25T07:35:48.532Z"}
{"name":"unknownNode","value":2055,"dataType":"unknown","timestamp":"2025-04-25T07:35:48.532Z"}
{"name":"unknownNode","value":2269,"dataType":"unknown","timestamp":"2025-04-25T07:35:44.423Z"}
{"name":"unknownNode","value":2269,"dataType":"unknown","timestamp":"2025-04-25T07:35:47.516Z"}
{"name":"unknownNode","value":8203,"dataType":"unknown","timestamp":"2025-04-25T07:35:45.454Z"}
{"name":"unknownNode","value":8203,"dataType":"unknown","timestamp":"2025-04-25T07:35:47.516Z"}
{"name":"unknownNode","value":8212,"dataType":"unknown","timestamp":"2025-04-25T07:35:44.423Z"}
{"name":"unknownNode","value":8208,"dataType":"unknown","timestamp":"2025-04-25T07:35:47.516Z"}
{"name":"unknownNode","value":8207,"dataType":"unknown","timestamp":"2025-04-25T07:35:45.454Z"}
{"name":"unknownNode","value":8205,"dataType":"unknown","timestamp":"2025-04-25T07:35:47.516Z"}
{"name":"unknownNode","value":3,"dataType":"unknown","timestamp":"2025-04-25T07:35:45.454Z"}
{"name":"unknownNode","value":5,"dataType":"unknown","timestamp":"2025-04-25T07:35:47.516Z"}
{"name":"unknownNode","value":5.906875133514404,"dataType":"unknown","timestamp":"2025-04-25T07:35:45.454Z"}
{"name":"unknownNode","value":12397.875,"dataType":"unknown","timestamp":"2025-04-25T07:35:48.532Z"}
{"name":"unknownNode","value":11776.9755859375,"dataType":"unknown","timestamp":"2025-04-25T07:35:45.485Z"}
{"name":"unknownNode","value":11712.9755859375,"dataType":"unknown","timestamp":"2025-04-25T07:35:48.595Z"}
{"name":"unknownNode","value":11921.40625,"dataType":"unknown","timestamp":"2025-04-25T07:35:45.485Z"}
{"name":"unknownNode","value":12005.7841796875,"dataType":"unknown","timestamp":"2025-04-25T07:35:48.595Z"}
{"name":"unknownNode","value":11415.12890625,"dataType":"unknown","timestamp":"2025-04-25T07:35:45.485Z"}
{"name":"unknownNode","value":11535.62890625,"dataType":"unknown","timestamp":"2025-04-25T07:35:48.595Z"}
{"name":"unknownNode","value":237.625,"dataType":"unknown","timestamp":"2025-04-25T07:35:44.423Z"}
{"name":"unknownNode","value":237.5,"dataType":"unknown","timestamp":"2025-04-25T07:35:48.532Z"}
{"name":"unknownNode","value":346,"dataType":"unknown","timestamp":"2025-04-25T07:35:52.707Z"}
{"name":"unknownNode","value":1932,"dataType":"unknown","timestamp":"2025-04-25T07:35:52.707Z"}
{"name":"unknownNode","value":5480.13037109375,"dataType":"unknown","timestamp":"2025-04-25T07:35:51.628Z"}
{"name":"unknownNode","value":1745.625,"dataType":"unknown","timestamp":"2025-04-25T07:35:54.743Z"}
{"name":"unknownNode","value":22.548250198364258,"dataType":"unknown","timestamp":"2025-04-25T07:35:51.628Z"}
{"name":"unknownNode","value":14.241000175476074,"dataType":"unknown","timestamp":"2025-04-25T07:35:54.743Z"}
{"name":"unknownNode","value":5032.10107421875,"dataType":"unknown","timestamp":"2025-04-25T07:35:51.628Z"}
{"name":"unknownNode","value":1559.4149169921875,"dataType":"unknown","timestamp":"2025-04-25T07:35:54.743Z"}
{"name":"unknownNode","value":7926.3037109375,"dataType":"unknown","timestamp":"2025-04-25T07:35:51.628Z"}
{"name":"unknownNode","value":2678.494873046875,"dataType":"unknown","timestamp":"2025-04-25T07:35:54.743Z"}
{"name":"unknownNode","value":7975.08154296875,"dataType":"unknown","timestamp":"2025-04-25T07:35:51.628Z"}
{"name":"unknownNode","value":2866.625,"dataType":"unknown","timestamp":"2025-04-25T07:35:54.743Z"}
{"name":"unknownNode","value":237.35000610351562,"dataType":"unknown","timestamp":"2025-04-25T07:35:51.628Z"}
{"name":"unknownNode","value":237.35000610351562,"dataType":"unknown","timestamp":"2025-04-25T07:35:54.743Z"}
{"name":"unknownNode","value":235.47500610351562,"dataType":"unknown","timestamp":"2025-04-25T07:35:51.628Z"}
{"name":"unknownNode","value":236.27499389648438,"dataType":"unknown","timestamp":"2025-04-25T07:35:54.743Z"}
{"name":"unknownNode","value":2054,"dataType":"unknown","timestamp":"2025-04-25T07:35:49.567Z"}
{"name":"unknownNode","value":2055,"dataType":"unknown","timestamp":"2025-04-25T07:35:52.675Z"}
{"name":"unknownNode","value":2269,"dataType":"unknown","timestamp":"2025-04-25T07:35:51.628Z"}
{"name":"unknownNode","value":2270,"dataType":"unknown","timestamp":"2025-04-25T07:35:53.726Z"}
{"name":"unknownNode","value":8203,"dataType":"unknown","timestamp":"2025-04-25T07:35:51.628Z"}
{"name":"unknownNode","value":8211,"dataType":"unknown","timestamp":"2025-04-25T07:35:50.613Z"}
{"name":"unknownNode","value":8212,"dataType":"unknown","timestamp":"2025-04-25T07:35:54.743Z"}
{"name":"unknownNode","value":8207,"dataType":"unknown","timestamp":"2025-04-25T07:35:51.628Z"}
{"name":"unknownNode","value":8207,"dataType":"unknown","timestamp":"2025-04-25T07:35:54.743Z"}
{"name":"unknownNode","value":3,"dataType":"unknown","timestamp":"2025-04-25T07:35:51.628Z"}
{"name":"unknownNode","value":3,"dataType":"unknown","timestamp":"2025-04-25T07:35:54.743Z"}
{"name":"unknownNode","value":346,"dataType":"unknown","timestamp":"2025-04-25T07:35:54.774Z"}
{"name":"unknownNode","value":125.97913360595703,"dataType":"unknown","timestamp":"2025-04-25T07:35:51.628Z"}
{"name":"unknownNode","value":0,"dataType":"unknown","timestamp":"2025-04-25T07:35:54.743Z"}
{"name":"unknownNode","value":11968.9755859375,"dataType":"unknown","timestamp":"2025-04-25T07:35:51.659Z"}
{"name":"unknownNode","value":12032.9755859375,"dataType":"unknown","timestamp":"2025-04-25T07:35:54.774Z"}
{"name":"unknownNode","value":12246.8642578125,"dataType":"unknown","timestamp":"2025-04-25T07:35:51.659Z"}
{"name":"unknownNode","value":12041.9462890625,"dataType":"unknown","timestamp":"2025-04-25T07:35:54.774Z"}
{"name":"unknownNode","value":11656.19140625,"dataType":"unknown","timestamp":"2025-04-25T07:35:51.659Z"}
{"name":"unknownNode","value":11608,"dataType":"unknown","timestamp":"2025-04-25T07:35:54.774Z"}
{"name":"unknownNode","value":236.8249969482422,"dataType":"unknown","timestamp":"2025-04-25T07:35:51.628Z"}
{"name":"unknownNode","value":237.5,"dataType":"unknown","timestamp":"2025-04-25T07:35:54.743Z"}
{"name":"unknownNode","value":1933,"dataType":"unknown","timestamp":"2025-04-25T07:35:59.967Z"}
{"name":"unknownNode","value":6618.3779296875,"dataType":"unknown","timestamp":"2025-04-25T07:35:57.858Z"}
{"name":"unknownNode","value":1862.528564453125,"dataType":"unknown","timestamp":"2025-04-25T07:36:00.983Z"}
{"name":"unknownNode","value":172.56813049316406,"dataType":"unknown","timestamp":"2025-04-25T07:35:57.858Z"}
{"name":"unknownNode","value":10.711125373840332,"dataType":"unknown","timestamp":"2025-04-25T07:36:00.983Z"}
{"name":"unknownNode","value":6087.6142578125,"dataType":"unknown","timestamp":"2025-04-25T07:35:57.858Z"}
{"name":"unknownNode","value":1905.8699951171875,"dataType":"unknown","timestamp":"2025-04-25T07:36:00.983Z"}
{"name":"unknownNode","value":9154.44140625,"dataType":"unknown","timestamp":"2025-04-25T07:35:57.858Z"}
{"name":"unknownNode","value":3352.58203125,"dataType":"unknown","timestamp":"2025-04-25T07:36:00.983Z"}
{"name":"unknownNode","value":9312.595703125,"dataType":"unknown","timestamp":"2025-04-25T07:35:57.858Z"}
{"name":"unknownNode","value":3342.7861328125,"dataType":"unknown","timestamp":"2025-04-25T07:36:00.983Z"}
{"name":"unknownNode","value":238.02499389648438,"dataType":"unknown","timestamp":"2025-04-25T07:35:57.858Z"}
{"name":"unknownNode","value":238.02499389648438,"dataType":"unknown","timestamp":"2025-04-25T07:36:00.983Z"}
{"name":"unknownNode","value":236.5500030517578,"dataType":"unknown","timestamp":"2025-04-25T07:35:57.858Z"}
{"name":"unknownNode","value":235.875,"dataType":"unknown","timestamp":"2025-04-25T07:36:00.983Z"}
{"name":"unknownNode","value":2055,"dataType":"unknown","timestamp":"2025-04-25T07:36:00.983Z"}
{"name":"unknownNode","value":2270,"dataType":"unknown","timestamp":"2025-04-25T07:35:57.858Z"}
{"name":"unknownNode","value":2271,"dataType":"unknown","timestamp":"2025-04-25T07:35:59.936Z"}
{"name":"unknownNode","value":8203,"dataType":"unknown","timestamp":"2025-04-25T07:35:56.843Z"}
{"name":"unknownNode","value":8212,"dataType":"unknown","timestamp":"2025-04-25T07:36:00.983Z"}
{"name":"unknownNode","value":8207,"dataType":"unknown","timestamp":"2025-04-25T07:35:56.843Z"}
{"name":"unknownNode","value":8207,"dataType":"unknown","timestamp":"2025-04-25T07:36:00.983Z"}
{"name":"unknownNode","value":3,"dataType":"unknown","timestamp":"2025-04-25T07:35:56.843Z"}
{"name":"unknownNode","value":3,"dataType":"unknown","timestamp":"2025-04-25T07:36:00.983Z"}
{"name":"unknownNode","value":346,"dataType":"unknown","timestamp":"2025-04-25T07:36:01.014Z"}
{"name":"unknownNode","value":1707.8909912109375,"dataType":"unknown","timestamp":"2025-04-25T07:35:57.858Z"}
{"name":"unknownNode","value":21.228750228881836,"dataType":"unknown","timestamp":"2025-04-25T07:36:00.983Z"}
{"name":"unknownNode","value":12096.9755859375,"dataType":"unknown","timestamp":"2025-04-25T07:35:57.905Z"}
{"name":"unknownNode","value":11712.9755859375,"dataType":"unknown","timestamp":"2025-04-25T07:36:01.014Z"}
{"name":"unknownNode","value":12005.7841796875,"dataType":"unknown","timestamp":"2025-04-25T07:35:57.905Z"}
{"name":"unknownNode","value":11885.244140625,"dataType":"unknown","timestamp":"2025-04-25T07:36:01.014Z"}
{"name":"unknownNode","value":11535.62890625,"dataType":"unknown","timestamp":"2025-04-25T07:35:57.905Z"}
{"name":"unknownNode","value":11451.25,"dataType":"unknown","timestamp":"2025-04-25T07:36:01.014Z"}
{"name":"unknownNode","value":237.89999389648438,"dataType":"unknown","timestamp":"2025-04-25T07:35:57.858Z"}
{"name":"unknownNode","value":238.1750030517578,"dataType":"unknown","timestamp":"2025-04-25T07:36:00.983Z"}
{"name":"unknownNode","value":1932,"dataType":"unknown","timestamp":"2025-04-25T07:36:02.046Z"}
{"name":"unknownNode","value":9233.9912109375,"dataType":"unknown","timestamp":"2025-04-25T07:36:03.062Z"}
{"name":"unknownNode","value":2515.2607421875,"dataType":"unknown","timestamp":"2025-04-25T07:36:07.201Z"}
{"name":"unknownNode","value":9885.19921875,"dataType":"unknown","timestamp":"2025-04-25T07:36:03.062Z"}
{"name":"unknownNode","value":10.699874877929688,"dataType":"unknown","timestamp":"2025-04-25T07:36:07.201Z"}
{"name":"unknownNode","value":9895.34765625,"dataType":"unknown","timestamp":"2025-04-25T07:36:03.062Z"}
{"name":"unknownNode","value":2308.3662109375,"dataType":"unknown","timestamp":"2025-04-25T07:36:07.201Z"}
{"name":"unknownNode","value":10577.876953125,"dataType":"unknown","timestamp":"2025-04-25T07:36:03.062Z"}
{"name":"unknownNode","value":3870.97705078125,"dataType":"unknown","timestamp":"2025-04-25T07:36:07.201Z"}
{"name":"unknownNode","value":10092.359375,"dataType":"unknown","timestamp":"2025-04-25T07:36:03.062Z"}
{"name":"unknownNode","value":3950.515625,"dataType":"unknown","timestamp":"2025-04-25T07:36:07.201Z"}
{"name":"unknownNode","value":237.625,"dataType":"unknown","timestamp":"2025-04-25T07:36:03.062Z"}
{"name":"unknownNode","value":237.77499389648438,"dataType":"unknown","timestamp":"2025-04-25T07:36:07.201Z"}
{"name":"unknownNode","value":236.02499389648438,"dataType":"unknown","timestamp":"2025-04-25T07:36:03.062Z"}
{"name":"unknownNode","value":236.14999389648438,"dataType":"unknown","timestamp":"2025-04-25T07:36:07.201Z"}
{"name":"unknownNode","value":2056,"dataType":"unknown","timestamp":"2025-04-25T07:36:02.000Z"}
{"name":"unknownNode","value":2057,"dataType":"unknown","timestamp":"2025-04-25T07:36:05.124Z"}
{"name":"unknownNode","value":2272,"dataType":"unknown","timestamp":"2025-04-25T07:36:02.000Z"}
{"name":"unknownNode","value":2273,"dataType":"unknown","timestamp":"2025-04-25T07:36:07.201Z"}
{"name":"unknownNode","value":8206,"dataType":"unknown","timestamp":"2025-04-25T07:36:07.201Z"}
{"name":"unknownNode","value":8209,"dataType":"unknown","timestamp":"2025-04-25T07:36:03.062Z"}
{"name":"unknownNode","value":12391.3125,"dataType":"unknown","timestamp":"2025-04-25T07:36:03.062Z"}
{"name":"unknownNode","value":14.168999671936035,"dataType":"unknown","timestamp":"2025-04-25T07:36:07.201Z"}
{"name":"unknownNode","value":11904.9755859375,"dataType":"unknown","timestamp":"2025-04-25T07:36:03.093Z"}
{"name":"unknownNode","value":11968.9755859375,"dataType":"unknown","timestamp":"2025-04-25T07:36:07.232Z"}
{"name":"unknownNode","value":11969.6220703125,"dataType":"unknown","timestamp":"2025-04-25T07:36:03.093Z"}
{"name":"unknownNode","value":12078.1083984375,"dataType":"unknown","timestamp":"2025-04-25T07:36:07.232Z"}
{"name":"unknownNode","value":11571.81640625,"dataType":"unknown","timestamp":"2025-04-25T07:36:03.093Z"}
{"name":"unknownNode","value":11692.37890625,"dataType":"unknown","timestamp":"2025-04-25T07:36:07.232Z"}
{"name":"unknownNode","value":237.77499389648438,"dataType":"unknown","timestamp":"2025-04-25T07:36:03.062Z"}
{"name":"unknownNode","value":237.625,"dataType":"unknown","timestamp":"2025-04-25T07:36:07.201Z"}
{"name":"unknownNode","value":8212,"dataType":"unknown","timestamp":"2025-04-25T07:36:07.201Z"}
{"name":"unknownNode","value":8206,"dataType":"unknown","timestamp":"2025-04-25T07:36:03.062Z"}
{"name":"unknownNode","value":8209,"dataType":"unknown","timestamp":"2025-04-25T07:36:07.201Z"}
{"name":"unknownNode","value":4,"dataType":"unknown","timestamp":"2025-04-25T07:36:03.062Z"}
{"name":"unknownNode","value":1,"dataType":"unknown","timestamp":"2025-04-25T07:36:07.201Z"}
{"name":"unknownNode","value":1933,"dataType":"unknown","timestamp":"2025-04-25T07:36:03.093Z"}
{"name":"unknownNode","value":8475.490234375,"dataType":"unknown","timestamp":"2025-04-25T07:36:09.263Z"}
{"name":"unknownNode","value":3663.4375,"dataType":"unknown","timestamp":"2025-04-25T07:36:13.373Z"}
{"name":"unknownNode","value":12489.75,"dataType":"unknown","timestamp":"2025-04-25T07:36:09.263Z"}
{"name":"unknownNode","value":10.711125373840332,"dataType":"unknown","timestamp":"2025-04-25T07:36:13.373Z"}
{"name":"unknownNode","value":7895.67529296875,"dataType":"unknown","timestamp":"2025-04-25T07:36:09.263Z"}
{"name":"unknownNode","value":3170.459228515625,"dataType":"unknown","timestamp":"2025-04-25T07:36:13.373Z"}
{"name":"unknownNode","value":7868.54248046875,"dataType":"unknown","timestamp":"2025-04-25T07:36:09.263Z"}
{"name":"unknownNode","value":4961.630859375,"dataType":"unknown","timestamp":"2025-04-25T07:36:13.373Z"}
{"name":"unknownNode","value":7284.23681640625,"dataType":"unknown","timestamp":"2025-04-25T07:36:09.263Z"}
{"name":"unknownNode","value":5365.125,"dataType":"unknown","timestamp":"2025-04-25T07:36:13.373Z"}
{"name":"unknownNode","value":237.89999389648438,"dataType":"unknown","timestamp":"2025-04-25T07:36:09.263Z"}
{"name":"unknownNode","value":238.02499389648438,"dataType":"unknown","timestamp":"2025-04-25T07:36:13.373Z"}
{"name":"unknownNode","value":236.14999389648438,"dataType":"unknown","timestamp":"2025-04-25T07:36:09.263Z"}
{"name":"unknownNode","value":236.4250030517578,"dataType":"unknown","timestamp":"2025-04-25T07:36:13.373Z"}
{"name":"unknownNode","value":2058,"dataType":"unknown","timestamp":"2025-04-25T07:36:09.263Z"}
{"name":"unknownNode","value":2057,"dataType":"unknown","timestamp":"2025-04-25T07:36:13.373Z"}
{"name":"unknownNode","value":2273,"dataType":"unknown","timestamp":"2025-04-25T07:36:09.263Z"}
{"name":"unknownNode","value":2273,"dataType":"unknown","timestamp":"2025-04-25T07:36:12.357Z"}
{"name":"unknownNode","value":8206,"dataType":"unknown","timestamp":"2025-04-25T07:36:09.263Z"}
{"name":"unknownNode","value":8203,"dataType":"unknown","timestamp":"2025-04-25T07:36:12.357Z"}
{"name":"unknownNode","value":8209,"dataType":"unknown","timestamp":"2025-04-25T07:36:09.263Z"}
{"name":"unknownNode","value":8208,"dataType":"unknown","timestamp":"2025-04-25T07:36:11.342Z"}
{"name":"unknownNode","value":8207,"dataType":"unknown","timestamp":"2025-04-25T07:36:08.212Z"}
{"name":"unknownNode","value":8205,"dataType":"unknown","timestamp":"2025-04-25T07:36:12.357Z"}
{"name":"unknownNode","value":3,"dataType":"unknown","timestamp":"2025-04-25T07:36:08.212Z"}
{"name":"unknownNode","value":5,"dataType":"unknown","timestamp":"2025-04-25T07:36:12.357Z"}
{"name":"unknownNode","value":1934,"dataType":"unknown","timestamp":"2025-04-25T07:36:08.275Z"}
{"name":"unknownNode","value":1935,"dataType":"unknown","timestamp":"2025-04-25T07:36:12.419Z"}
{"name":"unknownNode","value":12397.875,"dataType":"unknown","timestamp":"2025-04-25T07:36:09.263Z"}
{"name":"unknownNode","value":0,"dataType":"unknown","timestamp":"2025-04-25T07:36:13.373Z"}
{"name":"unknownNode","value":11904.9755859375,"dataType":"unknown","timestamp":"2025-04-25T07:36:09.294Z"}
{"name":"unknownNode","value":12032.9755859375,"dataType":"unknown","timestamp":"2025-04-25T07:36:12.419Z"}
{"name":"unknownNode","value":11849.08203125,"dataType":"unknown","timestamp":"2025-04-25T07:36:09.294Z"}
{"name":"unknownNode","value":12246.8642578125,"dataType":"unknown","timestamp":"2025-04-25T07:36:12.419Z"}
{"name":"unknownNode","value":11451.25,"dataType":"unknown","timestamp":"2025-04-25T07:36:09.294Z"}
{"name":"unknownNode","value":11656.19140625,"dataType":"unknown","timestamp":"2025-04-25T07:36:12.419Z"}
{"name":"unknownNode","value":237.77499389648438,"dataType":"unknown","timestamp":"2025-04-25T07:36:08.212Z"}
{"name":"unknownNode","value":237.5,"dataType":"unknown","timestamp":"2025-04-25T07:36:12.357Z"}
{"name":"unknownNode","value":5826.9423828125,"dataType":"Float","timestamp":"2025-04-25T07:41:29.640Z"}
{"name":"unknownNode","value":12034.1708984375,"dataType":"Float","timestamp":"2025-04-25T07:41:29.640Z"}
{"name":"unknownNode","value":7118.513671875,"dataType":"Float","timestamp":"2025-04-25T07:41:29.640Z"}
{"name":"unknownNode","value":6594.77001953125,"dataType":"Float","timestamp":"2025-04-25T07:41:29.640Z"}
{"name":"unknownNode","value":7156.03173828125,"dataType":"Float","timestamp":"2025-04-25T07:41:29.640Z"}
{"name":"unknownNode","value":11712.9755859375,"dataType":"Float","timestamp":"2025-04-25T07:41:29.671Z"}
{"name":"unknownNode","value":12391.3125,"dataType":"Float","timestamp":"2025-04-25T07:41:29.640Z"}
{"name":"unknownNode","value":11885.244140625,"dataType":"Float","timestamp":"2025-04-25T07:41:29.671Z"}
{"name":"unknownNode","value":530,"dataType":"Int16","timestamp":"2025-03-27T13:59:42.515Z"}
{"name":"unknownNode","value":11342.8125,"dataType":"Float","timestamp":"2025-04-25T07:41:29.671Z"}
{"name":"unknownNode","value":225,"dataType":"Int16","timestamp":"2025-04-25T07:01:17.285Z"}
{"name":"unknownNode","value":346,"dataType":"Int16","timestamp":"2025-04-25T07:41:29.671Z"}
{"name":"unknownNode","value":2329,"dataType":"Int16","timestamp":"2025-04-25T07:41:29.640Z"}
{"name":"unknownNode","value":1978,"dataType":"Int16","timestamp":"2025-04-25T07:41:26.571Z"}
{"name":"unknownNode","value":257,"dataType":"Int16","timestamp":"2025-03-31T05:34:09.380Z"}
{"name":"unknownNode","value":2108,"dataType":"Int16","timestamp":"2025-04-25T07:41:28.618Z"}
{"name":"unknownNode","value":8203,"dataType":"Int16","timestamp":"2025-04-25T07:41:27.571Z"}
{"name":"unknownNode","value":1,"dataType":"Int16","timestamp":"2025-04-23T14:19:49.460Z"}
{"name":"unknownNode","value":8209,"dataType":"Int16","timestamp":"2025-04-25T07:41:27.571Z"}
{"name":"unknownNode","value":8206,"dataType":"Int16","timestamp":"2025-04-25T07:41:27.571Z"}
{"name":"unknownNode","value":4,"dataType":"Int16","timestamp":"2025-04-25T07:41:27.571Z"}
{"name":"unknownNode","value":338,"dataType":"Int16","timestamp":"2025-04-25T07:29:33.205Z"}
{"name":"unknownNode","value":0,"dataType":"Int16","timestamp":"2025-04-25T06:21:10.270Z"}
{"name":"unknownNode","value":0,"dataType":"Int16","timestamp":"2025-04-25T06:21:10.270Z"}
{"name":"unknownNode","value":83,"dataType":"Int16","timestamp":"2025-04-25T06:50:32.880Z"}
{"name":"unknownNode","value":0,"dataType":"Int16","timestamp":"2025-04-21T09:19:28.656Z"}
{"name":"unknownNode","value":0,"dataType":"Int16","timestamp":"2025-04-18T22:48:51.782Z"}
{"name":"unknownNode","value":4.255780220031738,"dataType":"Float","timestamp":"2025-04-25T07:34:44.310Z"}
{"name":"unknownNode","value":237.35000610351562,"dataType":"Float","timestamp":"2025-04-25T07:41:29.640Z"}
{"name":"unknownNode","value":0,"dataType":"Int16","timestamp":"2025-04-21T09:19:28.656Z"}
{"name":"unknownNode","value":237.89999389648438,"dataType":"Float","timestamp":"2025-04-25T07:41:29.640Z"}
{"name":"unknownNode","value":236.02499389648438,"dataType":"Float","timestamp":"2025-04-25T07:41:29.640Z"}
{"name":"unknownNode","value":4,"dataType":"Int16","timestamp":"2025-04-25T07:29:52.894Z"}
{"name":"unknownNode","value":664,"dataType":"Int16","timestamp":"2025-04-25T07:01:17.285Z"}
{"name":"unknownNode","value":60,"dataType":"Int16","timestamp":"2025-04-23T06:44:37.888Z"}
{"name":"unknownNode","value":3617.8408203125,"dataType":"Float","timestamp":"2025-04-25T07:41:33.776Z"}
{"name":"unknownNode","value":2590.902099609375,"dataType":"Float","timestamp":"2025-04-25T07:41:34.794Z"}
{"name":"unknownNode","value":14.241000175476074,"dataType":"Float","timestamp":"2025-04-25T07:41:33.776Z"}
{"name":"unknownNode","value":7.120500087738037,"dataType":"Float","timestamp":"2025-04-25T07:41:34.794Z"}
{"name":"unknownNode","value":3564.3759765625,"dataType":"Float","timestamp":"2025-04-25T07:41:33.776Z"}
{"name":"unknownNode","value":2531.189453125,"dataType":"Float","timestamp":"2025-04-25T07:41:34.794Z"}
{"name":"unknownNode","value":5492.70166015625,"dataType":"Float","timestamp":"2025-04-25T07:41:33.776Z"}
{"name":"unknownNode","value":4066.65673828125,"dataType":"Float","timestamp":"2025-04-25T07:41:34.794Z"}
{"name":"unknownNode","value":5285.78466796875,"dataType":"Float","timestamp":"2025-04-25T07:41:33.776Z"}
{"name":"unknownNode","value":3921.022216796875,"dataType":"Float","timestamp":"2025-04-25T07:41:34.794Z"}
{"name":"unknownNode","value":237.35000610351562,"dataType":"Float","timestamp":"2025-04-25T07:41:33.776Z"}
{"name":"unknownNode","value":235.35000610351562,"dataType":"Float","timestamp":"2025-04-25T07:41:33.776Z"}
{"name":"unknownNode","value":346,"dataType":"Int16","timestamp":"2025-04-25T07:41:32.786Z"}
{"name":"unknownNode","value":2333,"dataType":"Int16","timestamp":"2025-04-25T07:41:33.776Z"}
{"name":"unknownNode","value":2334,"dataType":"Int16","timestamp":"2025-04-25T07:41:34.794Z"}
{"name":"unknownNode","value":1979,"dataType":"Int16","timestamp":"2025-04-25T07:41:31.771Z"}
{"name":"unknownNode","value":2108,"dataType":"Int16","timestamp":"2025-04-25T07:41:31.740Z"}
{"name":"unknownNode","value":8206,"dataType":"Int16","timestamp":"2025-04-25T07:41:33.776Z"}
{"name":"unknownNode","value":8203,"dataType":"Int16","timestamp":"2025-04-25T07:41:34.794Z"}
{"name":"unknownNode","value":8209,"dataType":"Int16","timestamp":"2025-04-25T07:41:33.776Z"}
{"name":"unknownNode","value":8208,"dataType":"Int16","timestamp":"2025-04-25T07:41:34.794Z"}
{"name":"unknownNode","value":8207,"dataType":"Int16","timestamp":"2025-04-25T07:41:31.740Z"}
{"name":"unknownNode","value":8205,"dataType":"Int16","timestamp":"2025-04-25T07:41:34.794Z"}
{"name":"unknownNode","value":3,"dataType":"Int16","timestamp":"2025-04-25T07:41:31.740Z"}
{"name":"unknownNode","value":5,"dataType":"Int16","timestamp":"2025-04-25T07:41:34.794Z"}
{"name":"unknownNode","value":11904.9755859375,"dataType":"Float","timestamp":"2025-04-25T07:41:33.807Z"}
{"name":"unknownNode","value":11968.9755859375,"dataType":"Float","timestamp":"2025-04-25T07:41:34.826Z"}
{"name":"unknownNode","value":25.888500213623047,"dataType":"Float","timestamp":"2025-04-25T07:41:33.776Z"}
{"name":"unknownNode","value":7.060500144958496,"dataType":"Float","timestamp":"2025-04-25T07:41:34.794Z"}
{"name":"unknownNode","value":11849.08203125,"dataType":"Float","timestamp":"2025-04-25T07:41:33.807Z"}
{"name":"unknownNode","value":11812.919921875,"dataType":"Float","timestamp":"2025-04-25T07:41:34.826Z"}
{"name":"unknownNode","value":11451.25,"dataType":"Float","timestamp":"2025-04-25T07:41:33.807Z"}
{"name":"unknownNode","value":11378.94140625,"dataType":"Float","timestamp":"2025-04-25T07:41:34.826Z"}
{"name":"unknownNode","value":237.625,"dataType":"Float","timestamp":"2025-04-25T07:41:33.776Z"}
{"name":"unknownNode","value":238.02499389648438,"dataType":"Float","timestamp":"2025-04-25T07:41:34.794Z"}
{"name":"unknownNode","value":4379.65966796875,"dataType":"Float","timestamp":"2025-04-25T07:41:39.989Z"}
{"name":"unknownNode","value":3134.33251953125,"dataType":"Float","timestamp":"2025-04-25T07:41:41.005Z"}
{"name":"unknownNode","value":14.257499694824219,"dataType":"Float","timestamp":"2025-04-25T07:41:39.989Z"}
{"name":"unknownNode","value":10.69312572479248,"dataType":"Float","timestamp":"2025-04-25T07:41:41.005Z"}
{"name":"unknownNode","value":4331.84423828125,"dataType":"Float","timestamp":"2025-04-25T07:41:39.989Z"}
{"name":"unknownNode","value":3082.43115234375,"dataType":"Float","timestamp":"2025-04-25T07:41:41.005Z"}
{"name":"unknownNode","value":6427.86474609375,"dataType":"Float","timestamp":"2025-04-25T07:41:39.989Z"}
{"name":"unknownNode","value":4806.76953125,"dataType":"Float","timestamp":"2025-04-25T07:41:41.005Z"}
{"name":"unknownNode","value":6494.291015625,"dataType":"Float","timestamp":"2025-04-25T07:41:39.989Z"}
{"name":"unknownNode","value":4828.5400390625,"dataType":"Float","timestamp":"2025-04-25T07:41:41.005Z"}
{"name":"unknownNode","value":237.625,"dataType":"Float","timestamp":"2025-04-25T07:41:39.989Z"}
{"name":"unknownNode","value":235.875,"dataType":"Float","timestamp":"2025-04-25T07:41:39.989Z"}
{"name":"unknownNode","value":235.75,"dataType":"Float","timestamp":"2025-04-25T07:41:41.005Z"}
{"name":"unknownNode","value":348,"dataType":"Int16","timestamp":"2025-04-25T07:41:40.051Z"}
{"name":"unknownNode","value":347,"dataType":"Int16","timestamp":"2025-04-25T07:41:41.036Z"}
{"name":"unknownNode","value":2334,"dataType":"Int16","timestamp":"2025-04-25T07:41:38.938Z"}
{"name":"unknownNode","value":1980,"dataType":"Int16","timestamp":"2025-04-25T07:41:38.970Z"}
{"name":"unknownNode","value":2108,"dataType":"Int16","timestamp":"2025-04-25T07:41:36.864Z"}
{"name":"unknownNode","value":8209,"dataType":"Int16","timestamp":"2025-04-25T07:41:39.989Z"}
{"name":"unknownNode","value":8206,"dataType":"Int16","timestamp":"2025-04-25T07:41:39.989Z"}
{"name":"unknownNode","value":4,"dataType":"Int16","timestamp":"2025-04-25T07:41:39.989Z"}
{"name":"unknownNode","value":11648.9755859375,"dataType":"Float","timestamp":"2025-04-25T07:41:40.051Z"}
{"name":"unknownNode","value":11904.9755859375,"dataType":"Float","timestamp":"2025-04-25T07:41:41.036Z"}
{"name":"unknownNode","value":29.484375,"dataType":"Float","timestamp":"2025-04-25T07:41:39.989Z"}
{"name":"unknownNode","value":0,"dataType":"Float","timestamp":"2025-04-25T07:41:41.005Z"}
{"name":"unknownNode","value":11849.08203125,"dataType":"Float","timestamp":"2025-04-25T07:41:40.051Z"}
{"name":"unknownNode","value":11969.6220703125,"dataType":"Float","timestamp":"2025-04-25T07:41:41.036Z"}
{"name":"unknownNode","value":11294.56640625,"dataType":"Float","timestamp":"2025-04-25T07:41:40.051Z"}
{"name":"unknownNode","value":11535.62890625,"dataType":"Float","timestamp":"2025-04-25T07:41:41.036Z"}
{"name":"unknownNode","value":238.02499389648438,"dataType":"Float","timestamp":"2025-04-25T07:41:39.989Z"}
{"name":"unknownNode","value":237.89999389648438,"dataType":"Float","timestamp":"2025-04-25T07:41:41.005Z"}
{"name":"unknownNode","value":8206,"dataType":"Int16","timestamp":"2025-04-25T07:41:44.072Z"}
{"name":"unknownNode","value":8991.75,"dataType":"Float","timestamp":"2025-04-25T07:41:45.116Z"}
{"name":"unknownNode","value":5096.115234375,"dataType":"Float","timestamp":"2025-04-25T07:41:47.165Z"}
{"name":"unknownNode","value":6602.9140625,"dataType":"Float","timestamp":"2025-04-25T07:41:45.116Z"}
{"name":"unknownNode","value":14.266499519348145,"dataType":"Float","timestamp":"2025-04-25T07:41:47.165Z"}
{"name":"unknownNode","value":9101.12890625,"dataType":"Float","timestamp":"2025-04-25T07:41:45.116Z"}
{"name":"unknownNode","value":4522.23876953125,"dataType":"Float","timestamp":"2025-04-25T07:41:47.165Z"}
{"name":"unknownNode","value":10042.6875,"dataType":"Float","timestamp":"2025-04-25T07:41:45.116Z"}
{"name":"unknownNode","value":7128.8486328125,"dataType":"Float","timestamp":"2025-04-25T07:41:47.165Z"}
{"name":"unknownNode","value":10078.6337890625,"dataType":"Float","timestamp":"2025-04-25T07:41:45.116Z"}
{"name":"unknownNode","value":7001.28466796875,"dataType":"Float","timestamp":"2025-04-25T07:41:47.165Z"}
{"name":"unknownNode","value":237.89999389648438,"dataType":"Float","timestamp":"2025-04-25T07:41:45.116Z"}
{"name":"unknownNode","value":237.77499389648438,"dataType":"Float","timestamp":"2025-04-25T07:41:47.165Z"}
{"name":"unknownNode","value":235.75,"dataType":"Float","timestamp":"2025-04-25T07:41:45.116Z"}
{"name":"unknownNode","value":236.02499389648438,"dataType":"Float","timestamp":"2025-04-25T07:41:47.165Z"}
{"name":"unknownNode","value":346,"dataType":"Int16","timestamp":"2025-04-25T07:41:45.147Z"}
{"name":"unknownNode","value":347,"dataType":"Int16","timestamp":"2025-04-25T07:41:47.196Z"}
{"name":"unknownNode","value":2334,"dataType":"Int16","timestamp":"2025-04-25T07:41:45.116Z"}
{"name":"unknownNode","value":2334,"dataType":"Int16","timestamp":"2025-04-25T07:41:47.165Z"}
{"name":"unknownNode","value":1980,"dataType":"Int16","timestamp":"2025-04-25T07:41:45.147Z"}
{"name":"unknownNode","value":2108,"dataType":"Int16","timestamp":"2025-04-25T07:41:47.165Z"}
{"name":"unknownNode","value":8209,"dataType":"Int16","timestamp":"2025-04-25T07:41:47.165Z"}
{"name":"unknownNode","value":8206,"dataType":"Int16","timestamp":"2025-04-25T07:41:45.116Z"}
{"name":"unknownNode","value":8207,"dataType":"Int16","timestamp":"2025-04-25T07:41:46.134Z"}
{"name":"unknownNode","value":4,"dataType":"Int16","timestamp":"2025-04-25T07:41:45.116Z"}
{"name":"unknownNode","value":3,"dataType":"Int16","timestamp":"2025-04-25T07:41:46.134Z"}
{"name":"unknownNode","value":8203,"dataType":"Int16","timestamp":"2025-04-25T07:41:45.116Z"}
{"name":"unknownNode","value":8206,"dataType":"Int16","timestamp":"2025-04-25T07:41:47.165Z"}
{"name":"unknownNode","value":11712.9755859375,"dataType":"Float","timestamp":"2025-04-25T07:41:45.147Z"}
{"name":"unknownNode","value":11712.9755859375,"dataType":"Float","timestamp":"2025-04-25T07:41:47.196Z"}
{"name":"unknownNode","value":9435.89453125,"dataType":"Float","timestamp":"2025-04-25T07:41:45.116Z"}
{"name":"unknownNode","value":63.726749420166016,"dataType":"Float","timestamp":"2025-04-25T07:41:47.165Z"}
{"name":"unknownNode","value":11849.08203125,"dataType":"Float","timestamp":"2025-04-25T07:41:43.080Z"}
{"name":"unknownNode","value":11969.6220703125,"dataType":"Float","timestamp":"2025-04-25T07:41:47.196Z"}
{"name":"unknownNode","value":11451.25,"dataType":"Float","timestamp":"2025-04-25T07:41:44.103Z"}
{"name":"unknownNode","value":11415.12890625,"dataType":"Float","timestamp":"2025-04-25T07:41:47.196Z"}
{"name":"unknownNode","value":237.5,"dataType":"Float","timestamp":"2025-04-25T07:41:45.116Z"}
{"name":"unknownNode","value":238.02499389648438,"dataType":"Float","timestamp":"2025-04-25T07:41:47.165Z"}
{"name":"unknownNode","value":9167.5947265625,"dataType":"Float","timestamp":"2025-04-25T07:41:51.331Z"}
{"name":"unknownNode","value":6174.96728515625,"dataType":"Float","timestamp":"2025-04-25T07:41:53.397Z"}
{"name":"unknownNode","value":10553.767578125,"dataType":"Float","timestamp":"2025-04-25T07:41:51.331Z"}
{"name":"unknownNode","value":36.83187484741211,"dataType":"Float","timestamp":"2025-04-25T07:41:53.397Z"}
{"name":"unknownNode","value":9708.185546875,"dataType":"Float","timestamp":"2025-04-25T07:41:51.331Z"}
{"name":"unknownNode","value":5467.58251953125,"dataType":"Float","timestamp":"2025-04-25T07:41:53.397Z"}
{"name":"unknownNode","value":9795.5126953125,"dataType":"Float","timestamp":"2025-04-25T07:41:51.331Z"}
{"name":"unknownNode","value":8328.9697265625,"dataType":"Float","timestamp":"2025-04-25T07:41:53.397Z"}
{"name":"unknownNode","value":10306.923828125,"dataType":"Float","timestamp":"2025-04-25T07:41:51.331Z"}
{"name":"unknownNode","value":8385.7861328125,"dataType":"Float","timestamp":"2025-04-25T07:41:53.397Z"}
{"name":"unknownNode","value":237.35000610351562,"dataType":"Float","timestamp":"2025-04-25T07:41:51.331Z"}
{"name":"unknownNode","value":237.625,"dataType":"Float","timestamp":"2025-04-25T07:41:53.397Z"}
{"name":"unknownNode","value":235.75,"dataType":"Float","timestamp":"2025-04-25T07:41:51.331Z"}
{"name":"unknownNode","value":235.875,"dataType":"Float","timestamp":"2025-04-25T07:41:52.351Z"}
{"name":"unknownNode","value":346,"dataType":"Int16","timestamp":"2025-04-25T07:41:48.231Z"}
{"name":"unknownNode","value":2335,"dataType":"Int16","timestamp":"2025-04-25T07:41:49.247Z"}
{"name":"unknownNode","value":2336,"dataType":"Int16","timestamp":"2025-04-25T07:41:52.351Z"}
{"name":"unknownNode","value":1981,"dataType":"Int16","timestamp":"2025-04-25T07:41:48.231Z"}
{"name":"unknownNode","value":1982,"dataType":"Int16","timestamp":"2025-04-25T07:41:52.382Z"}
{"name":"unknownNode","value":2109,"dataType":"Int16","timestamp":"2025-04-25T07:41:50.278Z"}
{"name":"unknownNode","value":2109,"dataType":"Int16","timestamp":"2025-04-25T07:41:53.397Z"}
{"name":"unknownNode","value":8209,"dataType":"Int16","timestamp":"2025-04-25T07:41:50.278Z"}
{"name":"unknownNode","value":8212,"dataType":"Int16","timestamp":"2025-04-25T07:41:53.397Z"}
{"name":"unknownNode","value":8206,"dataType":"Int16","timestamp":"2025-04-25T07:41:50.278Z"}
{"name":"unknownNode","value":8207,"dataType":"Int16","timestamp":"2025-04-25T07:41:53.397Z"}
{"name":"unknownNode","value":4,"dataType":"Int16","timestamp":"2025-04-25T07:41:50.278Z"}
{"name":"unknownNode","value":3,"dataType":"Int16","timestamp":"2025-04-25T07:41:53.397Z"}
{"name":"unknownNode","value":8203,"dataType":"Int16","timestamp":"2025-04-25T07:41:48.200Z"}
{"name":"unknownNode","value":11904.9755859375,"dataType":"Float","timestamp":"2025-04-25T07:41:50.309Z"}
{"name":"unknownNode","value":11648.9755859375,"dataType":"Float","timestamp":"2025-04-25T07:41:53.428Z"}
{"name":"unknownNode","value":12376.875,"dataType":"Float","timestamp":"2025-04-25T07:41:51.331Z"}
{"name":"unknownNode","value":458.7768859863281,"dataType":"Float","timestamp":"2025-04-25T07:41:53.397Z"}
{"name":"unknownNode","value":12005.7841796875,"dataType":"Float","timestamp":"2025-04-25T07:41:50.309Z"}
{"name":"unknownNode","value":11885.244140625,"dataType":"Float","timestamp":"2025-04-25T07:41:53.428Z"}
{"name":"unknownNode","value":11571.81640625,"dataType":"Float","timestamp":"2025-04-25T07:41:51.363Z"}
{"name":"unknownNode","value":11342.8125,"dataType":"Float","timestamp":"2025-04-25T07:41:53.428Z"}
{"name":"unknownNode","value":236.9499969482422,"dataType":"Float","timestamp":"2025-04-25T07:41:51.331Z"}
{"name":"unknownNode","value":237.22500610351562,"dataType":"Float","timestamp":"2025-04-25T07:41:53.397Z"}
{"name":"unknownNode","value":7838.5263671875,"dataType":"Float","timestamp":"2025-04-25T07:41:57.568Z"}
{"name":"unknownNode","value":6680.29248046875,"dataType":"Float","timestamp":"2025-04-25T07:41:59.631Z"}
{"name":"unknownNode","value":12475.3125,"dataType":"Float","timestamp":"2025-04-25T07:41:57.568Z"}
{"name":"unknownNode","value":280.3974914550781,"dataType":"Float","timestamp":"2025-04-25T07:41:59.631Z"}
{"name":"unknownNode","value":9016.1904296875,"dataType":"Float","timestamp":"2025-04-25T07:41:57.568Z"}
{"name":"unknownNode","value":6665.8310546875,"dataType":"Float","timestamp":"2025-04-25T07:41:59.631Z"}
{"name":"unknownNode","value":8192.9912109375,"dataType":"Float","timestamp":"2025-04-25T07:41:57.568Z"}
{"name":"unknownNode","value":9396.2734375,"dataType":"Float","timestamp":"2025-04-25T07:41:59.631Z"}
{"name":"unknownNode","value":8826.5810546875,"dataType":"Float","timestamp":"2025-04-25T07:41:57.568Z"}
{"name":"unknownNode","value":9672.5263671875,"dataType":"Float","timestamp":"2025-04-25T07:41:59.631Z"}
{"name":"unknownNode","value":237.625,"dataType":"Float","timestamp":"2025-04-25T07:41:57.568Z"}
{"name":"unknownNode","value":237.625,"dataType":"Float","timestamp":"2025-04-25T07:41:59.631Z"}
{"name":"unknownNode","value":235.625,"dataType":"Float","timestamp":"2025-04-25T07:41:57.568Z"}
{"name":"unknownNode","value":235.75,"dataType":"Float","timestamp":"2025-04-25T07:41:59.631Z"}
{"name":"unknownNode","value":2337,"dataType":"Int16","timestamp":"2025-04-25T07:41:56.553Z"}
{"name":"unknownNode","value":1983,"dataType":"Int16","timestamp":"2025-04-25T07:41:58.678Z"}
{"name":"unknownNode","value":2108,"dataType":"Int16","timestamp":"2025-04-25T07:41:56.553Z"}
{"name":"unknownNode","value":2109,"dataType":"Int16","timestamp":"2025-04-25T07:41:59.631Z"}
{"name":"unknownNode","value":8209,"dataType":"Int16","timestamp":"2025-04-25T07:41:56.553Z"}
{"name":"unknownNode","value":8206,"dataType":"Int16","timestamp":"2025-04-25T07:41:56.553Z"}
{"name":"unknownNode","value":4,"dataType":"Int16","timestamp":"2025-04-25T07:41:56.553Z"}
{"name":"unknownNode","value":11712.9755859375,"dataType":"Float","timestamp":"2025-04-25T07:41:57.599Z"}
{"name":"unknownNode","value":11968.9755859375,"dataType":"Float","timestamp":"2025-04-25T07:41:59.662Z"}
{"name":"unknownNode","value":12370.3125,"dataType":"Float","timestamp":"2025-04-25T07:41:57.568Z"}
{"name":"unknownNode","value":5376.27880859375,"dataType":"Float","timestamp":"2025-04-25T07:41:59.631Z"}
{"name":"unknownNode","value":11812.919921875,"dataType":"Float","timestamp":"2025-04-25T07:41:57.599Z"}
{"name":"unknownNode","value":11812.919921875,"dataType":"Float","timestamp":"2025-04-25T07:41:59.662Z"}
{"name":"unknownNode","value":11378.94140625,"dataType":"Float","timestamp":"2025-04-25T07:41:56.584Z"}
{"name":"unknownNode","value":11378.94140625,"dataType":"Float","timestamp":"2025-04-25T07:41:59.662Z"}
{"name":"unknownNode","value":237.10000610351562,"dataType":"Float","timestamp":"2025-04-25T07:41:57.568Z"}
{"name":"unknownNode","value":237.10000610351562,"dataType":"Float","timestamp":"2025-04-25T07:41:59.631Z"}
{"name":"unknownNode","value":8206,"dataType":"Int16","timestamp":"2025-04-25T07:42:00.662Z"}
{"name":"unknownNode","value":4589.72705078125,"dataType":"Float","timestamp":"2025-04-25T07:42:03.770Z"}
{"name":"unknownNode","value":9136.7919921875,"dataType":"Float","timestamp":"2025-04-25T07:42:04.796Z"}
{"name":"unknownNode","value":10634.486328125,"dataType":"Float","timestamp":"2025-04-25T07:42:03.770Z"}
{"name":"unknownNode","value":12433.3125,"dataType":"Float","timestamp":"2025-04-25T07:42:04.796Z"}
{"name":"unknownNode","value":1584.239990234375,"dataType":"Float","timestamp":"2025-04-25T07:42:03.770Z"}
{"name":"unknownNode","value":8901.2685546875,"dataType":"Float","timestamp":"2025-04-25T07:42:04.796Z"}
{"name":"unknownNode","value":2953.6787109375,"dataType":"Float","timestamp":"2025-04-25T07:42:03.770Z"}
{"name":"unknownNode","value":8411.724609375,"dataType":"Float","timestamp":"2025-04-25T07:42:04.796Z"}
{"name":"unknownNode","value":3211.1513671875,"dataType":"Float","timestamp":"2025-04-25T07:42:03.770Z"}
{"name":"unknownNode","value":9012.375,"dataType":"Float","timestamp":"2025-04-25T07:42:04.796Z"}
{"name":"unknownNode","value":237.77499389648438,"dataType":"Float","timestamp":"2025-04-25T07:42:03.770Z"}
{"name":"unknownNode","value":236.8249969482422,"dataType":"Float","timestamp":"2025-04-25T07:42:04.796Z"}
{"name":"unknownNode","value":235.75,"dataType":"Float","timestamp":"2025-04-25T07:42:03.770Z"}
{"name":"unknownNode","value":234.8000030517578,"dataType":"Float","timestamp":"2025-04-25T07:42:04.796Z"}
{"name":"unknownNode","value":2339,"dataType":"Int16","timestamp":"2025-04-25T07:42:02.724Z"}
{"name":"unknownNode","value":1983,"dataType":"Int16","timestamp":"2025-04-25T07:42:02.755Z"}
{"name":"unknownNode","value":1982,"dataType":"Int16","timestamp":"2025-04-25T07:42:04.827Z"}
{"name":"unknownNode","value":2109,"dataType":"Int16","timestamp":"2025-04-25T07:42:03.770Z"}
{"name":"unknownNode","value":8208,"dataType":"Int16","timestamp":"2025-04-25T07:42:01.677Z"}
{"name":"unknownNode","value":8209,"dataType":"Int16","timestamp":"2025-04-25T07:42:04.796Z"}
{"name":"unknownNode","value":8205,"dataType":"Int16","timestamp":"2025-04-25T07:42:01.677Z"}
{"name":"unknownNode","value":8206,"dataType":"Int16","timestamp":"2025-04-25T07:42:04.796Z"}
{"name":"unknownNode","value":5,"dataType":"Int16","timestamp":"2025-04-25T07:42:01.677Z"}
{"name":"unknownNode","value":4,"dataType":"Int16","timestamp":"2025-04-25T07:42:04.796Z"}
{"name":"unknownNode","value":8203,"dataType":"Int16","timestamp":"2025-04-25T07:42:01.677Z"}
{"name":"unknownNode","value":11648.9755859375,"dataType":"Float","timestamp":"2025-04-25T07:42:03.801Z"}
{"name":"unknownNode","value":11904.9755859375,"dataType":"Float","timestamp":"2025-04-25T07:42:04.827Z"}
{"name":"unknownNode","value":1676.1824951171875,"dataType":"Float","timestamp":"2025-04-25T07:42:03.770Z"}
{"name":"unknownNode","value":12327,"dataType":"Float","timestamp":"2025-04-25T07:42:04.796Z"}
{"name":"unknownNode","value":11764.7041015625,"dataType":"Float","timestamp":"2025-04-25T07:42:03.801Z"}
{"name":"unknownNode","value":12017.8388671875,"dataType":"Float","timestamp":"2025-04-25T07:42:04.827Z"}
{"name":"unknownNode","value":11342.8125,"dataType":"Float","timestamp":"2025-04-25T07:42:03.801Z"}
{"name":"unknownNode","value":11427.19140625,"dataType":"Float","timestamp":"2025-04-25T07:42:04.827Z"}
{"name":"unknownNode","value":237.625,"dataType":"Float","timestamp":"2025-04-25T07:42:03.770Z"}
{"name":"unknownNode","value":236.9499969482422,"dataType":"Float","timestamp":"2025-04-25T07:42:04.796Z"}
{"name":"unknownNode","value":1728.822509765625,"dataType":"Float","timestamp":"2025-04-25T07:42:10.013Z"}
{"name":"unknownNode","value":7553.71142578125,"dataType":"Float","timestamp":"2025-04-25T07:42:11.073Z"}
{"name":"unknownNode","value":14.22599983215332,"dataType":"Float","timestamp":"2025-04-25T07:42:10.013Z"}
{"name":"unknownNode","value":12418.875,"dataType":"Float","timestamp":"2025-04-25T07:42:11.073Z"}
{"name":"unknownNode","value":1503.886474609375,"dataType":"Float","timestamp":"2025-04-25T07:42:10.013Z"}
{"name":"unknownNode","value":8388.4580078125,"dataType":"Float","timestamp":"2025-04-25T07:42:11.073Z"}
{"name":"unknownNode","value":2745.98583984375,"dataType":"Float","timestamp":"2025-04-25T07:42:10.013Z"}
{"name":"unknownNode","value":7937.65869140625,"dataType":"Float","timestamp":"2025-04-25T07:42:11.073Z"}
{"name":"unknownNode","value":2973.234130859375,"dataType":"Float","timestamp":"2025-04-25T07:42:10.013Z"}
{"name":"unknownNode","value":8220.1123046875,"dataType":"Float","timestamp":"2025-04-25T07:42:11.073Z"}
{"name":"unknownNode","value":237.10000610351562,"dataType":"Float","timestamp":"2025-04-25T07:42:10.013Z"}
{"name":"unknownNode","value":236.5500030517578,"dataType":"Float","timestamp":"2025-04-25T07:42:11.073Z"}
{"name":"unknownNode","value":235.35000610351562,"dataType":"Float","timestamp":"2025-04-25T07:42:08.966Z"}
{"name":"unknownNode","value":234.6750030517578,"dataType":"Float","timestamp":"2025-04-25T07:42:11.073Z"}
{"name":"unknownNode","value":2339,"dataType":"Int16","timestamp":"2025-04-25T07:42:10.013Z"}
{"name":"unknownNode","value":1984,"dataType":"Int16","timestamp":"2025-04-25T07:42:07.951Z"}
{"name":"unknownNode","value":2108,"dataType":"Int16","timestamp":"2025-04-25T07:42:10.013Z"}
{"name":"unknownNode","value":2109,"dataType":"Int16","timestamp":"2025-04-25T07:42:11.073Z"}
{"name":"unknownNode","value":8212,"dataType":"Int16","timestamp":"2025-04-25T07:42:10.013Z"}
{"name":"unknownNode","value":8209,"dataType":"Int16","timestamp":"2025-04-25T07:42:11.073Z"}
{"name":"unknownNode","value":8207,"dataType":"Int16","timestamp":"2025-04-25T07:42:10.013Z"}
{"name":"unknownNode","value":8206,"dataType":"Int16","timestamp":"2025-04-25T07:42:11.073Z"}
{"name":"unknownNode","value":3,"dataType":"Int16","timestamp":"2025-04-25T07:42:10.013Z"}
{"name":"unknownNode","value":4,"dataType":"Int16","timestamp":"2025-04-25T07:42:11.073Z"}
{"name":"unknownNode","value":8203,"dataType":"Int16","timestamp":"2025-04-25T07:42:06.889Z"}
{"name":"unknownNode","value":11712.9755859375,"dataType":"Float","timestamp":"2025-04-25T07:42:08.998Z"}
{"name":"unknownNode","value":11648.9755859375,"dataType":"Float","timestamp":"2025-04-25T07:42:11.104Z"}
{"name":"unknownNode","value":14.121000289916992,"dataType":"Float","timestamp":"2025-04-25T07:42:10.013Z"}
{"name":"unknownNode","value":12320.4375,"dataType":"Float","timestamp":"2025-04-25T07:42:11.073Z"}
{"name":"unknownNode","value":11969.6220703125,"dataType":"Float","timestamp":"2025-04-25T07:42:08.998Z"}
{"name":"unknownNode","value":11849.08203125,"dataType":"Float","timestamp":"2025-04-25T07:42:11.104Z"}
{"name":"unknownNode","value":11415.12890625,"dataType":"Float","timestamp":"2025-04-25T07:42:08.998Z"}
{"name":"unknownNode","value":11378.94140625,"dataType":"Float","timestamp":"2025-04-25T07:42:11.104Z"}
{"name":"unknownNode","value":236.8249969482422,"dataType":"Float","timestamp":"2025-04-25T07:42:08.966Z"}
{"name":"unknownNode","value":236.27499389648438,"dataType":"Float","timestamp":"2025-04-25T07:42:11.073Z"}
{"name":"unknownNode","value":347,"dataType":"Int16","timestamp":"2025-04-25T07:42:13.198Z"}
{"name":"unknownNode","value":2906.19189453125,"dataType":"Float","timestamp":"2025-04-25T07:42:15.231Z"}
{"name":"unknownNode","value":6977.04248046875,"dataType":"Float","timestamp":"2025-04-25T07:42:17.340Z"}
{"name":"unknownNode","value":10.69312572479248,"dataType":"Float","timestamp":"2025-04-25T07:42:15.231Z"}
{"name":"unknownNode","value":12439.875,"dataType":"Float","timestamp":"2025-04-25T07:42:17.340Z"}
{"name":"unknownNode","value":2662.044921875,"dataType":"Float","timestamp":"2025-04-25T07:42:15.231Z"}
{"name":"unknownNode","value":7674.4384765625,"dataType":"Float","timestamp":"2025-04-25T07:42:17.340Z"}
{"name":"unknownNode","value":4579.05908203125,"dataType":"Float","timestamp":"2025-04-25T07:42:15.231Z"}
{"name":"unknownNode","value":7473.79736328125,"dataType":"Float","timestamp":"2025-04-25T07:42:17.340Z"}
{"name":"unknownNode","value":4243.982421875,"dataType":"Float","timestamp":"2025-04-25T07:42:15.231Z"}
{"name":"unknownNode","value":7690.21240234375,"dataType":"Float","timestamp":"2025-04-25T07:42:17.340Z"}
{"name":"unknownNode","value":237.625,"dataType":"Float","timestamp":"2025-04-25T07:42:15.231Z"}
{"name":"unknownNode","value":236.9499969482422,"dataType":"Float","timestamp":"2025-04-25T07:42:17.340Z"}
{"name":"unknownNode","value":235.47500610351562,"dataType":"Float","timestamp":"2025-04-25T07:42:15.231Z"}
{"name":"unknownNode","value":234.8000030517578,"dataType":"Float","timestamp":"2025-04-25T07:42:17.340Z"}
{"name":"unknownNode","value":2340,"dataType":"Int16","timestamp":"2025-04-25T07:42:15.231Z"}
{"name":"unknownNode","value":2341,"dataType":"Int16","timestamp":"2025-04-25T07:42:17.340Z"}
{"name":"unknownNode","value":1985,"dataType":"Int16","timestamp":"2025-04-25T07:42:14.216Z"}
{"name":"unknownNode","value":2108,"dataType":"Int16","timestamp":"2025-04-25T07:42:13.167Z"}
{"name":"unknownNode","value":2109,"dataType":"Int16","timestamp":"2025-04-25T07:42:17.340Z"}
{"name":"unknownNode","value":8209,"dataType":"Int16","timestamp":"2025-04-25T07:42:14.184Z"}
{"name":"unknownNode","value":8206,"dataType":"Int16","timestamp":"2025-04-25T07:42:14.184Z"}
{"name":"unknownNode","value":4,"dataType":"Int16","timestamp":"2025-04-25T07:42:14.184Z"}
{"name":"unknownNode","value":11904.9755859375,"dataType":"Float","timestamp":"2025-04-25T07:42:15.262Z"}
{"name":"unknownNode","value":11712.9755859375,"dataType":"Float","timestamp":"2025-04-25T07:42:17.371Z"}
{"name":"unknownNode","value":2.354749917984009,"dataType":"Float","timestamp":"2025-04-25T07:42:15.231Z"}
{"name":"unknownNode","value":12327,"dataType":"Float","timestamp":"2025-04-25T07:42:17.340Z"}
{"name":"unknownNode","value":11969.6220703125,"dataType":"Float","timestamp":"2025-04-25T07:42:15.262Z"}
{"name":"unknownNode","value":11885.244140625,"dataType":"Float","timestamp":"2025-04-25T07:42:17.371Z"}
{"name":"unknownNode","value":11451.25,"dataType":"Float","timestamp":"2025-04-25T07:42:14.216Z"}
{"name":"unknownNode","value":11294.56640625,"dataType":"Float","timestamp":"2025-04-25T07:42:17.371Z"}
{"name":"unknownNode","value":236.9499969482422,"dataType":"Float","timestamp":"2025-04-25T07:42:14.184Z"}
{"name":"unknownNode","value":236.5500030517578,"dataType":"Float","timestamp":"2025-04-25T07:42:17.340Z"}
{"name":"unknownNode","value":8206,"dataType":"Int16","timestamp":"2025-04-25T07:42:18.387Z"}
{"name":"unknownNode","value":348,"dataType":"Int16","timestamp":"2025-04-25T07:42:18.418Z"}
{"name":"unknownNode","value":3247.83154296875,"dataType":"Float","timestamp":"2025-04-25T07:42:21.510Z"}
{"name":"unknownNode","value":2621.452392578125,"dataType":"Float","timestamp":"2025-04-25T07:42:23.572Z"}
{"name":"unknownNode","value":17.801250457763672,"dataType":"Float","timestamp":"2025-04-25T07:42:21.510Z"}
{"name":"unknownNode","value":6719.3984375,"dataType":"Float","timestamp":"2025-04-25T07:42:23.572Z"}
{"name":"unknownNode","value":3143.09912109375,"dataType":"Float","timestamp":"2025-04-25T07:42:21.510Z"}
{"name":"unknownNode","value":3579.016845703125,"dataType":"Float","timestamp":"2025-04-25T07:42:23.572Z"}
{"name":"unknownNode","value":5399.25390625,"dataType":"Float","timestamp":"2025-04-25T07:42:21.510Z"}
{"name":"unknownNode","value":3965.908203125,"dataType":"Float","timestamp":"2025-04-25T07:42:23.572Z"}
{"name":"unknownNode","value":5332.06787109375,"dataType":"Float","timestamp":"2025-04-25T07:42:21.510Z"}
{"name":"unknownNode","value":4503.716796875,"dataType":"Float","timestamp":"2025-04-25T07:42:23.572Z"}
{"name":"unknownNode","value":237.35000610351562,"dataType":"Float","timestamp":"2025-04-25T07:42:21.510Z"}
{"name":"unknownNode","value":237.22500610351562,"dataType":"Float","timestamp":"2025-04-25T07:42:23.572Z"}
{"name":"unknownNode","value":235.35000610351562,"dataType":"Float","timestamp":"2025-04-25T07:42:21.510Z"}
{"name":"unknownNode","value":235.0749969482422,"dataType":"Float","timestamp":"2025-04-25T07:42:23.572Z"}
{"name":"unknownNode","value":2341,"dataType":"Int16","timestamp":"2025-04-25T07:42:20.464Z"}
{"name":"unknownNode","value":2342,"dataType":"Int16","timestamp":"2025-04-25T07:42:23.572Z"}
{"name":"unknownNode","value":1986,"dataType":"Int16","timestamp":"2025-04-25T07:42:18.418Z"}
{"name":"unknownNode","value":2108,"dataType":"Int16","timestamp":"2025-04-25T07:42:18.387Z"}
{"name":"unknownNode","value":2109,"dataType":"Int16","timestamp":"2025-04-25T07:42:23.572Z"}
{"name":"unknownNode","value":8209,"dataType":"Int16","timestamp":"2025-04-25T07:42:20.464Z"}
{"name":"unknownNode","value":8206,"dataType":"Int16","timestamp":"2025-04-25T07:42:20.464Z"}
{"name":"unknownNode","value":4,"dataType":"Int16","timestamp":"2025-04-25T07:42:20.464Z"}
{"name":"unknownNode","value":8203,"dataType":"Int16","timestamp":"2025-04-25T07:42:19.433Z"}
{"name":"unknownNode","value":348,"dataType":"Int16","timestamp":"2025-04-25T07:42:21.542Z"}
{"name":"unknownNode","value":347,"dataType":"Int16","timestamp":"2025-04-25T07:42:23.604Z"}
{"name":"unknownNode","value":11648.9755859375,"dataType":"Float","timestamp":"2025-04-25T07:42:21.542Z"}
{"name":"unknownNode","value":11840.9755859375,"dataType":"Float","timestamp":"2025-04-25T07:42:23.604Z"}
{"name":"unknownNode","value":5.8837504386901855,"dataType":"Float","timestamp":"2025-04-25T07:42:21.510Z"}
{"name":"unknownNode","value":7820.9453125,"dataType":"Float","timestamp":"2025-04-25T07:42:23.572Z"}
{"name":"unknownNode","value":11921.40625,"dataType":"Float","timestamp":"2025-04-25T07:42:21.542Z"}
{"name":"unknownNode","value":11849.08203125,"dataType":"Float","timestamp":"2025-04-25T07:42:23.604Z"}
{"name":"unknownNode","value":11451.25,"dataType":"Float","timestamp":"2025-04-25T07:42:21.542Z"}
{"name":"unknownNode","value":11415.12890625,"dataType":"Float","timestamp":"2025-04-25T07:42:23.604Z"}
{"name":"unknownNode","value":236.5500030517578,"dataType":"Float","timestamp":"2025-04-25T07:42:21.510Z"}
{"name":"unknownNode","value":236.6999969482422,"dataType":"Float","timestamp":"2025-04-25T07:42:23.572Z"}
{"name":"unknownNode","value":4348.537109375,"dataType":"Float","timestamp":"2025-04-25T07:42:27.712Z"}
{"name":"unknownNode","value":1954.8895263671875,"dataType":"Float","timestamp":"2025-04-25T07:42:29.793Z"}
{"name":"unknownNode","value":17.821876525878906,"dataType":"Float","timestamp":"2025-04-25T07:42:27.712Z"}
{"name":"unknownNode","value":14.25,"dataType":"Float","timestamp":"2025-04-25T07:42:29.793Z"}
{"name":"unknownNode","value":4198.51953125,"dataType":"Float","timestamp":"2025-04-25T07:42:27.712Z"}
{"name":"unknownNode","value":1793.1063232421875,"dataType":"Float","timestamp":"2025-04-25T07:42:29.793Z"}
{"name":"unknownNode","value":5914.486328125,"dataType":"Float","timestamp":"2025-04-25T07:42:27.712Z"}
{"name":"unknownNode","value":3339.5537109375,"dataType":"Float","timestamp":"2025-04-25T07:42:29.793Z"}
{"name":"unknownNode","value":6269.73583984375,"dataType":"Float","timestamp":"2025-04-25T07:42:27.712Z"}
{"name":"unknownNode","value":3453.25,"dataType":"Float","timestamp":"2025-04-25T07:42:29.793Z"}
{"name":"unknownNode","value":237.625,"dataType":"Float","timestamp":"2025-04-25T07:42:27.712Z"}
{"name":"unknownNode","value":237.5,"dataType":"Float","timestamp":"2025-04-25T07:42:29.793Z"}
{"name":"unknownNode","value":235.47500610351562,"dataType":"Float","timestamp":"2025-04-25T07:42:27.712Z"}
{"name":"unknownNode","value":235.625,"dataType":"Float","timestamp":"2025-04-25T07:42:29.793Z"}
{"name":"unknownNode","value":2343,"dataType":"Int16","timestamp":"2025-04-25T07:42:27.712Z"}
{"name":"unknownNode","value":2343,"dataType":"Int16","timestamp":"2025-04-25T07:42:29.793Z"}
{"name":"unknownNode","value":2109,"dataType":"Int16","timestamp":"2025-04-25T07:42:27.712Z"}
{"name":"unknownNode","value":2107,"dataType":"Int16","timestamp":"2025-04-25T07:42:29.793Z"}
{"name":"unknownNode","value":8212,"dataType":"Int16","timestamp":"2025-04-25T07:42:26.665Z"}
{"name":"unknownNode","value":8209,"dataType":"Int16","timestamp":"2025-04-25T07:42:29.793Z"}
{"name":"unknownNode","value":11776.9755859375,"dataType":"Float","timestamp":"2025-04-25T07:42:26.696Z"}
{"name":"unknownNode","value":11712.9755859375,"dataType":"Float","timestamp":"2025-04-25T07:42:29.824Z"}
{"name":"unknownNode","value":25.902250289916992,"dataType":"Float","timestamp":"2025-04-25T07:42:27.712Z"}
{"name":"unknownNode","value":0,"dataType":"Float","timestamp":"2025-04-25T07:42:28.733Z"}
{"name":"unknownNode","value":11969.6220703125,"dataType":"Float","timestamp":"2025-04-25T07:42:27.743Z"}
{"name":"unknownNode","value":11849.08203125,"dataType":"Float","timestamp":"2025-04-25T07:42:28.764Z"}
{"name":"unknownNode","value":11499.5,"dataType":"Float","timestamp":"2025-04-25T07:42:27.743Z"}
{"name":"unknownNode","value":11451.25,"dataType":"Float","timestamp":"2025-04-25T07:42:29.824Z"}
{"name":"unknownNode","value":237.625,"dataType":"Float","timestamp":"2025-04-25T07:42:27.712Z"}
{"name":"unknownNode","value":237.10000610351562,"dataType":"Float","timestamp":"2025-04-25T07:42:28.733Z"}
{"name":"unknownNode","value":8207,"dataType":"Int16","timestamp":"2025-04-25T07:42:26.665Z"}
{"name":"unknownNode","value":8206,"dataType":"Int16","timestamp":"2025-04-25T07:42:29.793Z"}
{"name":"unknownNode","value":3,"dataType":"Int16","timestamp":"2025-04-25T07:42:26.665Z"}
{"name":"unknownNode","value":4,"dataType":"Int16","timestamp":"2025-04-25T07:42:29.793Z"}
{"name":"unknownNode","value":1987,"dataType":"Int16","timestamp":"2025-04-25T07:42:30.871Z"}
{"name":"unknownNode","value":348,"dataType":"Int16","timestamp":"2025-04-25T07:42:31.917Z"}
{"name":"unknownNode","value":4943.4794921875,"dataType":"Float","timestamp":"2025-04-25T07:42:33.951Z"}
{"name":"unknownNode","value":3549.31640625,"dataType":"Float","timestamp":"2025-04-25T07:42:34.974Z"}
{"name":"unknownNode","value":17.801250457763672,"dataType":"Float","timestamp":"2025-04-25T07:42:33.951Z"}
{"name":"unknownNode","value":29.637500762939453,"dataType":"Float","timestamp":"2025-04-25T07:42:34.974Z"}
{"name":"unknownNode","value":5048.58447265625,"dataType":"Float","timestamp":"2025-04-25T07:42:33.951Z"}
{"name":"unknownNode","value":3603.945068359375,"dataType":"Float","timestamp":"2025-04-25T07:42:34.974Z"}
{"name":"unknownNode","value":7119.93603515625,"dataType":"Float","timestamp":"2025-04-25T07:42:33.951Z"}
{"name":"unknownNode","value":5313.9150390625,"dataType":"Float","timestamp":"2025-04-25T07:42:34.974Z"}
{"name":"unknownNode","value":7506.19384765625,"dataType":"Float","timestamp":"2025-04-25T07:42:33.951Z"}
{"name":"unknownNode","value":5388.09765625,"dataType":"Float","timestamp":"2025-04-25T07:42:34.974Z"}
{"name":"unknownNode","value":2344,"dataType":"Int16","timestamp":"2025-04-25T07:42:34.974Z"}
{"name":"unknownNode","value":2107,"dataType":"Int16","timestamp":"2025-04-25T07:42:33.951Z"}
{"name":"unknownNode","value":2108,"dataType":"Int16","timestamp":"2025-04-25T07:42:34.974Z"}
{"name":"unknownNode","value":348,"dataType":"Int16","timestamp":"2025-04-25T07:42:33.983Z"}
{"name":"unknownNode","value":347,"dataType":"Int16","timestamp":"2025-04-25T07:42:35.005Z"}
{"name":"unknownNode","value":3040.243896484375,"dataType":"Float","timestamp":"2025-04-25T07:42:33.983Z"}
{"name":"unknownNode","value":117.73750305175781,"dataType":"Float","timestamp":"2025-04-25T07:42:33.951Z"}
{"name":"unknownNode","value":14.128499984741211,"dataType":"Float","timestamp":"2025-04-25T07:42:34.974Z"}
{"name":"unknownNode","value":3640.307861328125,"dataType":"Float","timestamp":"2025-04-25T07:42:33.983Z"}
{"name":"unknownNode","value":3604.146240234375,"dataType":"Float","timestamp":"2025-04-25T07:42:35.005Z"}
{"name":"unknownNode","value":3206.359375,"dataType":"Float","timestamp":"2025-04-25T07:42:33.983Z"}
{"name":"unknownNode","value":236.6999969482422,"dataType":"Float","timestamp":"2025-04-25T07:42:32.933Z"}
{"name":"unknownNode","value":237.35000610351562,"dataType":"Float","timestamp":"2025-04-25T07:42:33.951Z"}
{"name":"unknownNode","value":237.10000610351562,"dataType":"Float","timestamp":"2025-04-25T07:42:34.974Z"}
{"name":"unknownNode","value":235.47500610351562,"dataType":"Float","timestamp":"2025-04-25T07:42:33.951Z"}
{"name":"unknownNode","value":1988,"dataType":"Int16","timestamp":"2025-04-25T07:42:36.036Z"}
{"name":"unknownNode","value":8212,"dataType":"Int16","timestamp":"2025-04-25T07:42:37.051Z"}
{"name":"unknownNode","value":8207,"dataType":"Int16","timestamp":"2025-04-25T07:42:37.051Z"}
{"name":"unknownNode","value":3,"dataType":"Int16","timestamp":"2025-04-25T07:42:37.051Z"}
{"name":"unknownNode","value":8896.6728515625,"dataType":"Float","timestamp":"2025-04-25T07:42:39.086Z"}
{"name":"unknownNode","value":4860.740234375,"dataType":"Float","timestamp":"2025-04-25T07:42:41.148Z"}
{"name":"unknownNode","value":5427.7080078125,"dataType":"Float","timestamp":"2025-04-25T07:42:39.086Z"}
{"name":"unknownNode","value":15.437499046325684,"dataType":"Float","timestamp":"2025-04-25T07:42:41.148Z"}
{"name":"unknownNode","value":9579.83984375,"dataType":"Float","timestamp":"2025-04-25T07:42:39.086Z"}
{"name":"unknownNode","value":4971.06591796875,"dataType":"Float","timestamp":"2025-04-25T07:42:41.148Z"}
{"name":"unknownNode","value":9958.220703125,"dataType":"Float","timestamp":"2025-04-25T07:42:39.086Z"}
{"name":"unknownNode","value":7076.421875,"dataType":"Float","timestamp":"2025-04-25T07:42:41.148Z"}
{"name":"unknownNode","value":10601.5849609375,"dataType":"Float","timestamp":"2025-04-25T07:42:39.086Z"}
{"name":"unknownNode","value":7216.4375,"dataType":"Float","timestamp":"2025-04-25T07:42:41.148Z"}
{"name":"unknownNode","value":3040.243896484375,"dataType":"Float","timestamp":"2025-04-25T07:42:39.117Z"}
{"name":"unknownNode","value":3072.243896484375,"dataType":"Float","timestamp":"2025-04-25T07:42:41.210Z"}
{"name":"unknownNode","value":12327,"dataType":"Float","timestamp":"2025-04-25T07:42:39.086Z"}
{"name":"unknownNode","value":107.32312774658203,"dataType":"Float","timestamp":"2025-04-25T07:42:41.148Z"}
{"name":"unknownNode","value":3604.146240234375,"dataType":"Float","timestamp":"2025-04-25T07:42:39.117Z"}
{"name":"unknownNode","value":3712.6318359375,"dataType":"Float","timestamp":"2025-04-25T07:42:41.210Z"}
{"name":"unknownNode","value":3170.1884765625,"dataType":"Float","timestamp":"2025-04-25T07:42:39.117Z"}
{"name":"unknownNode","value":3206.359375,"dataType":"Float","timestamp":"2025-04-25T07:42:41.210Z"}
{"name":"unknownNode","value":236.4250030517578,"dataType":"Float","timestamp":"2025-04-25T07:42:39.086Z"}
{"name":"unknownNode","value":237.22500610351562,"dataType":"Float","timestamp":"2025-04-25T07:42:41.148Z"}
{"name":"unknownNode","value":8208,"dataType":"Int16","timestamp":"2025-04-25T07:42:39.086Z"}
{"name":"unknownNode","value":8205,"dataType":"Int16","timestamp":"2025-04-25T07:42:39.086Z"}
{"name":"unknownNode","value":5,"dataType":"Int16","timestamp":"2025-04-25T07:42:39.086Z"}
{"name":"unknownNode","value":237.22500610351562,"dataType":"Float","timestamp":"2025-04-25T07:42:39.086Z"}
{"name":"unknownNode","value":237.5,"dataType":"Float","timestamp":"2025-04-25T07:42:41.148Z"}
{"name":"unknownNode","value":234.8000030517578,"dataType":"Float","timestamp":"2025-04-25T07:42:39.086Z"}
{"name":"unknownNode","value":235.875,"dataType":"Float","timestamp":"2025-04-25T07:42:41.148Z"}
{"name":"unknownNode","value":2344,"dataType":"Int16","timestamp":"2025-04-25T07:42:39.086Z"}
{"name":"unknownNode","value":2345,"dataType":"Int16","timestamp":"2025-04-25T07:42:41.148Z"}
{"name":"unknownNode","value":2107,"dataType":"Int16","timestamp":"2025-04-25T07:42:41.148Z"}
{"name":"unknownNode","value":348,"dataType":"Int16","timestamp":"2025-04-25T07:42:36.036Z"}
{"name":"unknownNode","value":1988,"dataType":"Int16","timestamp":"2025-04-25T07:42:39.117Z"}
{"name":"unknownNode","value":1988,"dataType":"Int16","timestamp":"2025-04-25T07:42:41.210Z"}
