{"name":"unknownNode","value":6157.5166015625,"dataType":"Float","timestamp":"2025-04-24T12:13:41.951Z"}
{"name":"unknownNode","value":12152.2783203125,"dataType":"Float","timestamp":"2025-04-24T12:13:41.951Z"}
{"name":"unknownNode","value":6813.24951171875,"dataType":"Float","timestamp":"2025-04-24T12:13:41.951Z"}
{"name":"unknownNode","value":7417.47119140625,"dataType":"Float","timestamp":"2025-04-24T12:13:41.951Z"}
{"name":"unknownNode","value":12348,"dataType":"Float","timestamp":"2025-04-24T12:13:41.951Z"}
{"name":"unknownNode","value":11520.9755859375,"dataType":"Float","timestamp":"2025-04-24T12:13:41.998Z"}
{"name":"unknownNode","value":6859.60791015625,"dataType":"Float","timestamp":"2025-04-24T12:13:41.951Z"}
{"name":"unknownNode","value":11764.7041015625,"dataType":"Float","timestamp":"2025-04-24T12:13:41.998Z"}
{"name":"unknownNode","value":11342.8125,"dataType":"Float","timestamp":"2025-04-24T12:13:41.998Z"}
{"name":"unknownNode","value":530,"dataType":"Int16","timestamp":"2025-03-27T13:59:42.515Z"}
{"name":"unknownNode","value":60,"dataType":"Int16","timestamp":"2025-04-23T06:44:37.888Z"}
{"name":"unknownNode","value":2064,"dataType":"Int16","timestamp":"2025-04-24T12:13:41.951Z"}
{"name":"unknownNode","value":373,"dataType":"Int16","timestamp":"2025-04-24T12:13:18.123Z"}
{"name":"unknownNode","value":2320,"dataType":"Int16","timestamp":"2025-04-24T12:13:41.951Z"}
{"name":"unknownNode","value":257,"dataType":"Int16","timestamp":"2025-03-31T05:34:09.380Z"}
{"name":"unknownNode","value":1927,"dataType":"Int16","timestamp":"2025-04-24T12:13:40.951Z"}
{"name":"unknownNode","value":1,"dataType":"Int16","timestamp":"2025-04-23T14:19:49.460Z"}
{"name":"unknownNode","value":8206,"dataType":"Int16","timestamp":"2025-04-24T12:13:39.873Z"}
{"name":"unknownNode","value":8214,"dataType":"Int16","timestamp":"2025-04-24T12:13:39.873Z"}
{"name":"unknownNode","value":8210,"dataType":"Int16","timestamp":"2025-04-24T12:13:39.873Z"}
{"name":"unknownNode","value":-1,"dataType":"Int16","timestamp":"2025-04-24T12:13:39.873Z"}
{"name":"unknownNode","value":336,"dataType":"Int16","timestamp":"2025-04-24T12:12:35.682Z"}
{"name":"unknownNode","value":0,"dataType":"Int16","timestamp":"2025-04-24T09:41:05.231Z"}
{"name":"unknownNode","value":87,"dataType":"Int16","timestamp":"2025-04-24T11:25:39.425Z"}
{"name":"unknownNode","value":0,"dataType":"Int16","timestamp":"2025-04-24T09:41:05.231Z"}
{"name":"unknownNode","value":0,"dataType":"Int16","timestamp":"2025-04-21T09:19:28.656Z"}
{"name":"unknownNode","value":0,"dataType":"Int16","timestamp":"2025-04-21T09:19:28.656Z"}
{"name":"unknownNode","value":4.255780220031738,"dataType":"Float","timestamp":"2025-04-24T12:06:51.696Z"}
{"name":"unknownNode","value":0,"dataType":"Int16","timestamp":"2025-04-18T22:48:51.782Z"}
{"name":"unknownNode","value":235.875,"dataType":"Float","timestamp":"2025-04-24T12:13:41.951Z"}
{"name":"unknownNode","value":236.14999389648438,"dataType":"Float","timestamp":"2025-04-24T12:13:41.951Z"}
{"name":"unknownNode","value":235.1999969482422,"dataType":"Float","timestamp":"2025-04-24T12:13:41.951Z"}
{"name":"unknownNode","value":608,"dataType":"Int16","timestamp":"2025-04-24T11:45:34.575Z"}
{"name":"unknownNode","value":4,"dataType":"Int16","timestamp":"2025-04-24T11:52:07.716Z"}
{"name":"unknownNode","value":138,"dataType":"Int16","timestamp":"2025-04-24T11:45:34.575Z"}
{"name":"unknownNode","value":5084.63818359375,"dataType":"Float","timestamp":"2025-04-24T12:13:45.039Z"}
{"name":"unknownNode","value":2604.931640625,"dataType":"Float","timestamp":"2025-04-24T12:13:47.101Z"}
{"name":"unknownNode","value":21.26474952697754,"dataType":"Float","timestamp":"2025-04-24T12:13:45.039Z"}
{"name":"unknownNode","value":10.644750595092773,"dataType":"Float","timestamp":"2025-04-24T12:13:47.101Z"}
{"name":"unknownNode","value":7207.568359375,"dataType":"Float","timestamp":"2025-04-24T12:13:45.039Z"}
{"name":"unknownNode","value":4112.3662109375,"dataType":"Float","timestamp":"2025-04-24T12:13:47.101Z"}
{"name":"unknownNode","value":7915.21240234375,"dataType":"Float","timestamp":"2025-04-24T12:13:45.039Z"}
{"name":"unknownNode","value":3758.779541015625,"dataType":"Float","timestamp":"2025-04-24T12:13:47.101Z"}
{"name":"unknownNode","value":1018.4293823242188,"dataType":"Float","timestamp":"2025-04-24T12:13:45.039Z"}
{"name":"unknownNode","value":2.356250047683716,"dataType":"Float","timestamp":"2025-04-24T12:13:47.101Z"}
{"name":"unknownNode","value":11712.9755859375,"dataType":"Float","timestamp":"2025-04-24T12:13:45.086Z"}
{"name":"unknownNode","value":11840.9755859375,"dataType":"Float","timestamp":"2025-04-24T12:13:47.132Z"}
{"name":"unknownNode","value":4477.55712890625,"dataType":"Float","timestamp":"2025-04-24T12:13:45.039Z"}
{"name":"unknownNode","value":2196.02490234375,"dataType":"Float","timestamp":"2025-04-24T12:13:47.101Z"}
{"name":"unknownNode","value":11885.244140625,"dataType":"Float","timestamp":"2025-04-24T12:13:44.051Z"}
{"name":"unknownNode","value":11969.6220703125,"dataType":"Float","timestamp":"2025-04-24T12:13:47.132Z"}
{"name":"unknownNode","value":11608,"dataType":"Float","timestamp":"2025-04-24T12:13:44.051Z"}
{"name":"unknownNode","value":11535.62890625,"dataType":"Float","timestamp":"2025-04-24T12:13:47.132Z"}
{"name":"unknownNode","value":236.27499389648438,"dataType":"Float","timestamp":"2025-04-24T12:13:44.020Z"}
{"name":"unknownNode","value":236.5500030517578,"dataType":"Float","timestamp":"2025-04-24T12:13:48.134Z"}
{"name":"unknownNode","value":236.27499389648438,"dataType":"Float","timestamp":"2025-04-24T12:13:42.989Z"}
{"name":"unknownNode","value":236.5500030517578,"dataType":"Float","timestamp":"2025-04-24T12:13:47.101Z"}
{"name":"unknownNode","value":235.47500610351562,"dataType":"Float","timestamp":"2025-04-24T12:13:45.039Z"}
{"name":"unknownNode","value":235.75,"dataType":"Float","timestamp":"2025-04-24T12:13:48.134Z"}
{"name":"unknownNode","value":374,"dataType":"Int16","timestamp":"2025-04-24T12:13:43.020Z"}
{"name":"unknownNode","value":2322,"dataType":"Int16","timestamp":"2025-04-24T12:13:44.020Z"}
{"name":"unknownNode","value":2321,"dataType":"Int16","timestamp":"2025-04-24T12:13:48.134Z"}
{"name":"unknownNode","value":1928,"dataType":"Int16","timestamp":"2025-04-24T12:13:48.174Z"}
{"name":"unknownNode","value":8203,"dataType":"Int16","timestamp":"2025-04-24T12:13:42.989Z"}
{"name":"unknownNode","value":8209,"dataType":"Int16","timestamp":"2025-04-24T12:13:45.039Z"}
{"name":"unknownNode","value":8215,"dataType":"Int16","timestamp":"2025-04-24T12:13:48.134Z"}
{"name":"unknownNode","value":8206,"dataType":"Int16","timestamp":"2025-04-24T12:13:45.039Z"}
{"name":"unknownNode","value":8209,"dataType":"Int16","timestamp":"2025-04-24T12:13:48.134Z"}
{"name":"unknownNode","value":3,"dataType":"Int16","timestamp":"2025-04-24T12:13:45.039Z"}
{"name":"unknownNode","value":0,"dataType":"Int16","timestamp":"2025-04-24T12:13:48.134Z"}
{"name":"unknownNode","value":2065,"dataType":"Int16","timestamp":"2025-04-24T12:13:49.144Z"}
{"name":"unknownNode","value":6762.1552734375,"dataType":"Float","timestamp":"2025-04-24T12:13:51.209Z"}
{"name":"unknownNode","value":2099.4541015625,"dataType":"Float","timestamp":"2025-04-24T12:13:54.326Z"}
{"name":"unknownNode","value":299.07763671875,"dataType":"Float","timestamp":"2025-04-24T12:13:51.209Z"}
{"name":"unknownNode","value":17.731876373291016,"dataType":"Float","timestamp":"2025-04-24T12:13:54.326Z"}
{"name":"unknownNode","value":9946.6376953125,"dataType":"Float","timestamp":"2025-04-24T12:13:51.209Z"}
{"name":"unknownNode","value":4118.5234375,"dataType":"Float","timestamp":"2025-04-24T12:13:54.326Z"}
{"name":"unknownNode","value":9666.236328125,"dataType":"Float","timestamp":"2025-04-24T12:13:51.209Z"}
{"name":"unknownNode","value":3718.965087890625,"dataType":"Float","timestamp":"2025-04-24T12:13:54.326Z"}
{"name":"unknownNode","value":6209.89697265625,"dataType":"Float","timestamp":"2025-04-24T12:13:51.209Z"}
{"name":"unknownNode","value":14.121000289916992,"dataType":"Float","timestamp":"2025-04-24T12:13:54.326Z"}
{"name":"unknownNode","value":236.4250030517578,"dataType":"Float","timestamp":"2025-04-24T12:13:51.209Z"}
{"name":"unknownNode","value":236.4250030517578,"dataType":"Float","timestamp":"2025-04-24T12:13:54.326Z"}
{"name":"unknownNode","value":235.625,"dataType":"Float","timestamp":"2025-04-24T12:13:51.209Z"}
{"name":"unknownNode","value":235.35000610351562,"dataType":"Float","timestamp":"2025-04-24T12:13:54.326Z"}
{"name":"unknownNode","value":375,"dataType":"Int16","timestamp":"2025-04-24T12:13:50.194Z"}
{"name":"unknownNode","value":2323,"dataType":"Int16","timestamp":"2025-04-24T12:13:50.162Z"}
{"name":"unknownNode","value":2325,"dataType":"Int16","timestamp":"2025-04-24T12:13:54.326Z"}
{"name":"unknownNode","value":1929,"dataType":"Int16","timestamp":"2025-04-24T12:13:52.289Z"}
{"name":"unknownNode","value":8203,"dataType":"Int16","timestamp":"2025-04-24T12:13:51.209Z"}
{"name":"unknownNode","value":8203,"dataType":"Int16","timestamp":"2025-04-24T12:13:53.279Z"}
{"name":"unknownNode","value":8212,"dataType":"Int16","timestamp":"2025-04-24T12:13:51.209Z"}
{"name":"unknownNode","value":8212,"dataType":"Int16","timestamp":"2025-04-24T12:13:53.279Z"}
{"name":"unknownNode","value":8207,"dataType":"Int16","timestamp":"2025-04-24T12:13:51.209Z"}
{"name":"unknownNode","value":8207,"dataType":"Int16","timestamp":"2025-04-24T12:13:53.279Z"}
{"name":"unknownNode","value":2,"dataType":"Int16","timestamp":"2025-04-24T12:13:51.209Z"}
{"name":"unknownNode","value":2,"dataType":"Int16","timestamp":"2025-04-24T12:13:53.279Z"}
{"name":"unknownNode","value":2066,"dataType":"Int16","timestamp":"2025-04-24T12:13:52.243Z"}
{"name":"unknownNode","value":11648.9755859375,"dataType":"Float","timestamp":"2025-04-24T12:13:51.240Z"}
{"name":"unknownNode","value":11648.9755859375,"dataType":"Float","timestamp":"2025-04-24T12:13:54.373Z"}
{"name":"unknownNode","value":6892.03125,"dataType":"Float","timestamp":"2025-04-24T12:13:51.209Z"}
{"name":"unknownNode","value":1871.032470703125,"dataType":"Float","timestamp":"2025-04-24T12:13:54.326Z"}
{"name":"unknownNode","value":11764.7041015625,"dataType":"Float","timestamp":"2025-04-24T12:13:51.240Z"}
{"name":"unknownNode","value":11764.7041015625,"dataType":"Float","timestamp":"2025-04-24T12:13:54.373Z"}
{"name":"unknownNode","value":11535.62890625,"dataType":"Float","timestamp":"2025-04-24T12:13:51.240Z"}
{"name":"unknownNode","value":11415.12890625,"dataType":"Float","timestamp":"2025-04-24T12:13:54.373Z"}
{"name":"unknownNode","value":236.14999389648438,"dataType":"Float","timestamp":"2025-04-24T12:13:50.162Z"}
{"name":"unknownNode","value":236.4250030517578,"dataType":"Float","timestamp":"2025-04-24T12:13:53.279Z"}
{"name":"unknownNode","value":7895.0361328125,"dataType":"Float","timestamp":"2025-04-24T12:13:57.450Z"}
{"name":"unknownNode","value":2941.62353515625,"dataType":"Float","timestamp":"2025-04-24T12:14:00.518Z"}
{"name":"unknownNode","value":2648.200439453125,"dataType":"Float","timestamp":"2025-04-24T12:13:57.450Z"}
{"name":"unknownNode","value":10.63237476348877,"dataType":"Float","timestamp":"2025-04-24T12:13:59.488Z"}
{"name":"unknownNode","value":9976.7763671875,"dataType":"Float","timestamp":"2025-04-24T12:13:57.450Z"}
{"name":"unknownNode","value":5264.20703125,"dataType":"Float","timestamp":"2025-04-24T12:14:00.518Z"}
{"name":"unknownNode","value":9915.4091796875,"dataType":"Float","timestamp":"2025-04-24T12:13:57.450Z"}
{"name":"unknownNode","value":4983.03955078125,"dataType":"Float","timestamp":"2025-04-24T12:14:00.518Z"}
{"name":"unknownNode","value":9289.2646484375,"dataType":"Float","timestamp":"2025-04-24T12:13:57.450Z"}
{"name":"unknownNode","value":0,"dataType":"Float","timestamp":"2025-04-24T12:14:00.518Z"}
{"name":"unknownNode","value":236.02499389648438,"dataType":"Float","timestamp":"2025-04-24T12:13:56.403Z"}
{"name":"unknownNode","value":236.27499389648438,"dataType":"Float","timestamp":"2025-04-24T12:13:59.488Z"}
{"name":"unknownNode","value":235.35000610351562,"dataType":"Float","timestamp":"2025-04-24T12:13:57.450Z"}
{"name":"unknownNode","value":235.1999969482422,"dataType":"Float","timestamp":"2025-04-24T12:14:00.518Z"}
{"name":"unknownNode","value":2325,"dataType":"Int16","timestamp":"2025-04-24T12:13:56.403Z"}
{"name":"unknownNode","value":1929,"dataType":"Int16","timestamp":"2025-04-24T12:13:57.512Z"}
{"name":"unknownNode","value":1930,"dataType":"Int16","timestamp":"2025-04-24T12:13:58.527Z"}
{"name":"unknownNode","value":8203,"dataType":"Int16","timestamp":"2025-04-24T12:13:57.450Z"}
{"name":"unknownNode","value":8211,"dataType":"Int16","timestamp":"2025-04-24T12:13:59.488Z"}
{"name":"unknownNode","value":8207,"dataType":"Int16","timestamp":"2025-04-24T12:13:57.450Z"}
{"name":"unknownNode","value":11776.9755859375,"dataType":"Float","timestamp":"2025-04-24T12:13:57.512Z"}
{"name":"unknownNode","value":11712.9755859375,"dataType":"Float","timestamp":"2025-04-24T12:14:00.550Z"}
{"name":"unknownNode","value":7481.77685546875,"dataType":"Float","timestamp":"2025-04-24T12:13:57.450Z"}
{"name":"unknownNode","value":3103.4638671875,"dataType":"Float","timestamp":"2025-04-24T12:14:00.518Z"}
{"name":"unknownNode","value":11921.40625,"dataType":"Float","timestamp":"2025-04-24T12:13:57.512Z"}
{"name":"unknownNode","value":11921.40625,"dataType":"Float","timestamp":"2025-04-24T12:14:00.550Z"}
{"name":"unknownNode","value":11656.19140625,"dataType":"Float","timestamp":"2025-04-24T12:13:57.512Z"}
{"name":"unknownNode","value":11571.81640625,"dataType":"Float","timestamp":"2025-04-24T12:14:00.550Z"}
{"name":"unknownNode","value":236.02499389648438,"dataType":"Float","timestamp":"2025-04-24T12:13:57.450Z"}
{"name":"unknownNode","value":236.27499389648438,"dataType":"Float","timestamp":"2025-04-24T12:13:59.488Z"}
{"name":"unknownNode","value":8207,"dataType":"Int16","timestamp":"2025-04-24T12:13:59.488Z"}
{"name":"unknownNode","value":2,"dataType":"Int16","timestamp":"2025-04-24T12:13:57.450Z"}
{"name":"unknownNode","value":2,"dataType":"Int16","timestamp":"2025-04-24T12:13:59.488Z"}
{"name":"unknownNode","value":2067,"dataType":"Int16","timestamp":"2025-04-24T12:13:57.450Z"}
{"name":"unknownNode","value":376,"dataType":"Int16","timestamp":"2025-04-24T12:14:02.611Z"}
{"name":"unknownNode","value":8752.806640625,"dataType":"Float","timestamp":"2025-04-24T12:14:03.595Z"}
{"name":"unknownNode","value":5665.92529296875,"dataType":"Float","timestamp":"2025-04-24T12:14:05.670Z"}
{"name":"unknownNode","value":12418.875,"dataType":"Float","timestamp":"2025-04-24T12:14:03.595Z"}
{"name":"unknownNode","value":222.73300170898438,"dataType":"Float","timestamp":"2025-04-24T12:14:05.670Z"}
{"name":"unknownNode","value":9003.2587890625,"dataType":"Float","timestamp":"2025-04-24T12:14:03.595Z"}
{"name":"unknownNode","value":9157.9228515625,"dataType":"Float","timestamp":"2025-04-24T12:14:05.670Z"}
{"name":"unknownNode","value":9567.2646484375,"dataType":"Float","timestamp":"2025-04-24T12:14:03.595Z"}
{"name":"unknownNode","value":8774.2578125,"dataType":"Float","timestamp":"2025-04-24T12:14:05.670Z"}
{"name":"unknownNode","value":12355.875,"dataType":"Float","timestamp":"2025-04-24T12:14:03.595Z"}
{"name":"unknownNode","value":1307.2337646484375,"dataType":"Float","timestamp":"2025-04-24T12:14:05.670Z"}
{"name":"unknownNode","value":236.5500030517578,"dataType":"Float","timestamp":"2025-04-24T12:14:03.595Z"}
{"name":"unknownNode","value":236.9499969482422,"dataType":"Float","timestamp":"2025-04-24T12:14:05.670Z"}
{"name":"unknownNode","value":235.35000610351562,"dataType":"Float","timestamp":"2025-04-24T12:14:03.595Z"}
{"name":"unknownNode","value":235.75,"dataType":"Float","timestamp":"2025-04-24T12:14:05.670Z"}
{"name":"unknownNode","value":2325,"dataType":"Int16","timestamp":"2025-04-24T12:14:03.595Z"}
{"name":"unknownNode","value":2326,"dataType":"Int16","timestamp":"2025-04-24T12:14:04.625Z"}
{"name":"unknownNode","value":1931,"dataType":"Int16","timestamp":"2025-04-24T12:14:02.611Z"}
{"name":"unknownNode","value":8206,"dataType":"Int16","timestamp":"2025-04-24T12:14:03.595Z"}
{"name":"unknownNode","value":8203,"dataType":"Int16","timestamp":"2025-04-24T12:14:04.625Z"}
{"name":"unknownNode","value":8209,"dataType":"Int16","timestamp":"2025-04-24T12:14:02.580Z"}
{"name":"unknownNode","value":8212,"dataType":"Int16","timestamp":"2025-04-24T12:14:04.625Z"}
{"name":"unknownNode","value":8207,"dataType":"Int16","timestamp":"2025-04-24T12:14:03.595Z"}
{"name":"unknownNode","value":2,"dataType":"Int16","timestamp":"2025-04-24T12:14:03.595Z"}
{"name":"unknownNode","value":2068,"dataType":"Int16","timestamp":"2025-04-24T12:14:04.625Z"}
{"name":"unknownNode","value":375,"dataType":"Int16","timestamp":"2025-04-24T12:14:04.656Z"}
{"name":"unknownNode","value":11648.9755859375,"dataType":"Float","timestamp":"2025-04-24T12:14:03.642Z"}
{"name":"unknownNode","value":11840.9755859375,"dataType":"Float","timestamp":"2025-04-24T12:14:04.656Z"}
{"name":"unknownNode","value":9698.7734375,"dataType":"Float","timestamp":"2025-04-24T12:14:03.595Z"}
{"name":"unknownNode","value":6094.1376953125,"dataType":"Float","timestamp":"2025-04-24T12:14:05.670Z"}
{"name":"unknownNode","value":11849.08203125,"dataType":"Float","timestamp":"2025-04-24T12:14:03.642Z"}
{"name":"unknownNode","value":12078.1083984375,"dataType":"Float","timestamp":"2025-04-24T12:14:05.701Z"}
{"name":"unknownNode","value":11342.8125,"dataType":"Float","timestamp":"2025-04-24T12:14:03.642Z"}
{"name":"unknownNode","value":11571.81640625,"dataType":"Float","timestamp":"2025-04-24T12:14:04.656Z"}
{"name":"unknownNode","value":236.27499389648438,"dataType":"Float","timestamp":"2025-04-24T12:14:03.595Z"}
{"name":"unknownNode","value":236.4250030517578,"dataType":"Float","timestamp":"2025-04-24T12:14:05.670Z"}
{"name":"unknownNode","value":6302.875,"dataType":"Float","timestamp":"2025-04-24T12:14:09.843Z"}
{"name":"unknownNode","value":6830.7099609375,"dataType":"Float","timestamp":"2025-04-24T12:14:11.905Z"}
{"name":"unknownNode","value":12265.1171875,"dataType":"Float","timestamp":"2025-04-24T12:14:09.843Z"}
{"name":"unknownNode","value":314.8110046386719,"dataType":"Float","timestamp":"2025-04-24T12:14:11.905Z"}
{"name":"unknownNode","value":6961.66650390625,"dataType":"Float","timestamp":"2025-04-24T12:14:09.843Z"}
{"name":"unknownNode","value":9172.1953125,"dataType":"Float","timestamp":"2025-04-24T12:14:11.905Z"}
{"name":"unknownNode","value":7547.1279296875,"dataType":"Float","timestamp":"2025-04-24T12:14:09.843Z"}
{"name":"unknownNode","value":9793.4619140625,"dataType":"Float","timestamp":"2025-04-24T12:14:11.905Z"}
{"name":"unknownNode","value":12370.3125,"dataType":"Float","timestamp":"2025-04-24T12:14:09.843Z"}
{"name":"unknownNode","value":5613.09765625,"dataType":"Float","timestamp":"2025-04-24T12:14:11.905Z"}
{"name":"unknownNode","value":236.5500030517578,"dataType":"Float","timestamp":"2025-04-24T12:14:09.843Z"}
{"name":"unknownNode","value":236.6999969482422,"dataType":"Float","timestamp":"2025-04-24T12:14:11.905Z"}
{"name":"unknownNode","value":235.625,"dataType":"Float","timestamp":"2025-04-24T12:14:09.843Z"}
{"name":"unknownNode","value":235.35000610351562,"dataType":"Float","timestamp":"2025-04-24T12:14:11.905Z"}
{"name":"unknownNode","value":2327,"dataType":"Int16","timestamp":"2025-04-24T12:14:09.843Z"}
{"name":"unknownNode","value":1932,"dataType":"Int16","timestamp":"2025-04-24T12:14:08.828Z"}
{"name":"unknownNode","value":8209,"dataType":"Int16","timestamp":"2025-04-24T12:14:09.843Z"}
{"name":"unknownNode","value":8212,"dataType":"Int16","timestamp":"2025-04-24T12:14:10.873Z"}
{"name":"unknownNode","value":8206,"dataType":"Int16","timestamp":"2025-04-24T12:14:09.843Z"}
{"name":"unknownNode","value":8207,"dataType":"Int16","timestamp":"2025-04-24T12:14:10.873Z"}
{"name":"unknownNode","value":3,"dataType":"Int16","timestamp":"2025-04-24T12:14:09.843Z"}
{"name":"unknownNode","value":2,"dataType":"Int16","timestamp":"2025-04-24T12:14:10.873Z"}
{"name":"unknownNode","value":2070,"dataType":"Int16","timestamp":"2025-04-24T12:14:09.843Z"}
{"name":"unknownNode","value":376,"dataType":"Int16","timestamp":"2025-04-24T12:14:11.951Z"}
{"name":"unknownNode","value":11840.9755859375,"dataType":"Float","timestamp":"2025-04-24T12:14:09.906Z"}
{"name":"unknownNode","value":11776.9755859375,"dataType":"Float","timestamp":"2025-04-24T12:14:11.951Z"}
{"name":"unknownNode","value":7072.2841796875,"dataType":"Float","timestamp":"2025-04-24T12:14:09.843Z"}
{"name":"unknownNode","value":6654.521484375,"dataType":"Float","timestamp":"2025-04-24T12:14:11.905Z"}
{"name":"unknownNode","value":12041.9462890625,"dataType":"Float","timestamp":"2025-04-24T12:14:09.906Z"}
{"name":"unknownNode","value":11861.13671875,"dataType":"Float","timestamp":"2025-04-24T12:14:11.951Z"}
{"name":"unknownNode","value":11499.5,"dataType":"Float","timestamp":"2025-04-24T12:14:09.906Z"}
{"name":"unknownNode","value":11547.69140625,"dataType":"Float","timestamp":"2025-04-24T12:14:11.951Z"}
{"name":"unknownNode","value":236.5500030517578,"dataType":"Float","timestamp":"2025-04-24T12:14:09.843Z"}
{"name":"unknownNode","value":236.27499389648438,"dataType":"Float","timestamp":"2025-04-24T12:14:11.905Z"}
{"name":"unknownNode","value":8206,"dataType":"Int16","timestamp":"2025-04-24T12:14:18.120Z"}
{"name":"unknownNode","value":1939.7099609375,"dataType":"Float","timestamp":"2025-04-24T12:14:16.023Z"}
{"name":"unknownNode","value":9497.1923828125,"dataType":"Float","timestamp":"2025-04-24T12:14:18.120Z"}
{"name":"unknownNode","value":7.10474967956543,"dataType":"Float","timestamp":"2025-04-24T12:14:16.023Z"}
{"name":"unknownNode","value":6326.5302734375,"dataType":"Float","timestamp":"2025-04-24T12:14:18.120Z"}
{"name":"unknownNode","value":2887.0927734375,"dataType":"Float","timestamp":"2025-04-24T12:14:16.023Z"}
{"name":"unknownNode","value":9927.486328125,"dataType":"Float","timestamp":"2025-04-24T12:14:18.120Z"}
{"name":"unknownNode","value":2882.16015625,"dataType":"Float","timestamp":"2025-04-24T12:14:16.023Z"}
{"name":"unknownNode","value":9963.486328125,"dataType":"Float","timestamp":"2025-04-24T12:14:18.120Z"}
{"name":"unknownNode","value":18.85999870300293,"dataType":"Float","timestamp":"2025-04-24T12:14:16.023Z"}
{"name":"unknownNode","value":236.4250030517578,"dataType":"Float","timestamp":"2025-04-24T12:14:17.070Z"}
{"name":"unknownNode","value":236.8249969482422,"dataType":"Float","timestamp":"2025-04-24T12:14:13.961Z"}
{"name":"unknownNode","value":236.5500030517578,"dataType":"Float","timestamp":"2025-04-24T12:14:18.120Z"}
{"name":"unknownNode","value":235.75,"dataType":"Float","timestamp":"2025-04-24T12:14:16.023Z"}
{"name":"unknownNode","value":235.47500610351562,"dataType":"Float","timestamp":"2025-04-24T12:14:17.070Z"}
{"name":"unknownNode","value":2328,"dataType":"Int16","timestamp":"2025-04-24T12:14:15.008Z"}
{"name":"unknownNode","value":1933,"dataType":"Int16","timestamp":"2025-04-24T12:14:14.008Z"}
{"name":"unknownNode","value":8211,"dataType":"Int16","timestamp":"2025-04-24T12:14:13.961Z"}
{"name":"unknownNode","value":8212,"dataType":"Int16","timestamp":"2025-04-24T12:14:17.070Z"}
{"name":"unknownNode","value":8207,"dataType":"Int16","timestamp":"2025-04-24T12:14:13.961Z"}
{"name":"unknownNode","value":8209,"dataType":"Int16","timestamp":"2025-04-24T12:14:18.120Z"}
{"name":"unknownNode","value":2,"dataType":"Int16","timestamp":"2025-04-24T12:14:13.961Z"}
{"name":"unknownNode","value":0,"dataType":"Int16","timestamp":"2025-04-24T12:14:18.120Z"}
{"name":"unknownNode","value":2071,"dataType":"Int16","timestamp":"2025-04-24T12:14:16.023Z"}
{"name":"unknownNode","value":2072,"dataType":"Int16","timestamp":"2025-04-24T12:14:18.120Z"}
{"name":"unknownNode","value":377,"dataType":"Int16","timestamp":"2025-04-24T12:14:17.101Z"}
{"name":"unknownNode","value":9512.0126953125,"dataType":"Float","timestamp":"2025-04-24T12:14:18.120Z"}
{"name":"unknownNode","value":11840.9755859375,"dataType":"Float","timestamp":"2025-04-24T12:14:14.008Z"}
{"name":"unknownNode","value":11712.9755859375,"dataType":"Float","timestamp":"2025-04-24T12:14:18.151Z"}
{"name":"unknownNode","value":1695.04248046875,"dataType":"Float","timestamp":"2025-04-24T12:14:16.023Z"}
{"name":"unknownNode","value":9367.1953125,"dataType":"Float","timestamp":"2025-04-24T12:14:18.120Z"}
{"name":"unknownNode","value":12005.7841796875,"dataType":"Float","timestamp":"2025-04-24T12:14:15.039Z"}
{"name":"unknownNode","value":11885.244140625,"dataType":"Float","timestamp":"2025-04-24T12:14:18.151Z"}
{"name":"unknownNode","value":11535.62890625,"dataType":"Float","timestamp":"2025-04-24T12:14:14.008Z"}
{"name":"unknownNode","value":11499.5,"dataType":"Float","timestamp":"2025-04-24T12:14:18.151Z"}
{"name":"unknownNode","value":236.5500030517578,"dataType":"Float","timestamp":"2025-04-24T12:14:16.023Z"}
{"name":"unknownNode","value":8203,"dataType":"Int16","timestamp":"2025-04-24T12:14:19.167Z"}
{"name":"unknownNode","value":3337.469970703125,"dataType":"Float","timestamp":"2025-04-24T12:14:21.245Z"}
{"name":"unknownNode","value":9743.548828125,"dataType":"Float","timestamp":"2025-04-24T12:14:24.353Z"}
{"name":"unknownNode","value":21.32550048828125,"dataType":"Float","timestamp":"2025-04-24T12:14:21.245Z"}
{"name":"unknownNode","value":10040.505859375,"dataType":"Float","timestamp":"2025-04-24T12:14:24.353Z"}
{"name":"unknownNode","value":4493.74951171875,"dataType":"Float","timestamp":"2025-04-24T12:14:21.245Z"}
{"name":"unknownNode","value":9862.8046875,"dataType":"Float","timestamp":"2025-04-24T12:14:24.353Z"}
{"name":"unknownNode","value":4493.7568359375,"dataType":"Float","timestamp":"2025-04-24T12:14:21.245Z"}
{"name":"unknownNode","value":10098.3935546875,"dataType":"Float","timestamp":"2025-04-24T12:14:24.353Z"}
{"name":"unknownNode","value":17.681251525878906,"dataType":"Float","timestamp":"2025-04-24T12:14:21.245Z"}
{"name":"unknownNode","value":236.14999389648438,"dataType":"Float","timestamp":"2025-04-24T12:14:24.353Z"}
{"name":"unknownNode","value":236.9499969482422,"dataType":"Float","timestamp":"2025-04-24T12:14:20.198Z"}
{"name":"unknownNode","value":236.27499389648438,"dataType":"Float","timestamp":"2025-04-24T12:14:24.353Z"}
{"name":"unknownNode","value":235.75,"dataType":"Float","timestamp":"2025-04-24T12:14:21.245Z"}
{"name":"unknownNode","value":235.0749969482422,"dataType":"Float","timestamp":"2025-04-24T12:14:24.353Z"}
{"name":"unknownNode","value":2329,"dataType":"Int16","timestamp":"2025-04-24T12:14:21.245Z"}
{"name":"unknownNode","value":2329,"dataType":"Int16","timestamp":"2025-04-24T12:14:23.338Z"}
{"name":"unknownNode","value":1934,"dataType":"Int16","timestamp":"2025-04-24T12:14:20.229Z"}
{"name":"unknownNode","value":8212,"dataType":"Int16","timestamp":"2025-04-24T12:14:23.338Z"}
{"name":"unknownNode","value":8207,"dataType":"Int16","timestamp":"2025-04-24T12:14:19.167Z"}
{"name":"unknownNode","value":12341.4375,"dataType":"Float","timestamp":"2025-04-24T12:14:24.353Z"}
{"name":"unknownNode","value":3072.243896484375,"dataType":"Float","timestamp":"2025-04-24T12:14:21.276Z"}
{"name":"unknownNode","value":3040.243896484375,"dataType":"Float","timestamp":"2025-04-24T12:14:24.400Z"}
{"name":"unknownNode","value":2986.95263671875,"dataType":"Float","timestamp":"2025-04-24T12:14:21.245Z"}
{"name":"unknownNode","value":10476.1171875,"dataType":"Float","timestamp":"2025-04-24T12:14:24.353Z"}
{"name":"unknownNode","value":3555.93017578125,"dataType":"Float","timestamp":"2025-04-24T12:14:20.229Z"}
{"name":"unknownNode","value":3519.768310546875,"dataType":"Float","timestamp":"2025-04-24T12:14:24.400Z"}
{"name":"unknownNode","value":3170.1884765625,"dataType":"Float","timestamp":"2025-04-24T12:14:21.276Z"}
{"name":"unknownNode","value":3134.0322265625,"dataType":"Float","timestamp":"2025-04-24T12:14:24.400Z"}
{"name":"unknownNode","value":236.6999969482422,"dataType":"Float","timestamp":"2025-04-24T12:14:21.245Z"}
{"name":"unknownNode","value":8207,"dataType":"Int16","timestamp":"2025-04-24T12:14:23.338Z"}
{"name":"unknownNode","value":2,"dataType":"Int16","timestamp":"2025-04-24T12:14:19.167Z"}
{"name":"unknownNode","value":2,"dataType":"Int16","timestamp":"2025-04-24T12:14:23.338Z"}
{"name":"unknownNode","value":2072,"dataType":"Int16","timestamp":"2025-04-24T12:14:24.353Z"}
{"name":"unknownNode","value":378,"dataType":"Int16","timestamp":"2025-04-24T12:14:24.400Z"}
{"name":"unknownNode","value":3985.498779296875,"dataType":"Float","timestamp":"2025-04-24T12:14:27.462Z"}
{"name":"unknownNode","value":2027.2333984375,"dataType":"Float","timestamp":"2025-04-24T12:14:29.524Z"}
{"name":"unknownNode","value":10.680750846862793,"dataType":"Float","timestamp":"2025-04-24T12:14:27.462Z"}
{"name":"unknownNode","value":10.651500701904297,"dataType":"Float","timestamp":"2025-04-24T12:14:29.524Z"}
{"name":"unknownNode","value":8206,"dataType":"Int16","timestamp":"2025-04-24T12:14:30.571Z"}
{"name":"unknownNode","value":5400.0908203125,"dataType":"Float","timestamp":"2025-04-24T12:14:27.462Z"}
{"name":"unknownNode","value":8537.4951171875,"dataType":"Float","timestamp":"2025-04-24T12:14:30.571Z"}
{"name":"unknownNode","value":6216.19677734375,"dataType":"Float","timestamp":"2025-04-24T12:14:27.462Z"}
{"name":"unknownNode","value":8908.7578125,"dataType":"Float","timestamp":"2025-04-24T12:14:30.571Z"}
{"name":"unknownNode","value":14.168999671936035,"dataType":"Float","timestamp":"2025-04-24T12:14:27.462Z"}
{"name":"unknownNode","value":12327,"dataType":"Float","timestamp":"2025-04-24T12:14:30.571Z"}
{"name":"unknownNode","value":3168.243896484375,"dataType":"Float","timestamp":"2025-04-24T12:14:27.493Z"}
{"name":"unknownNode","value":3072.243896484375,"dataType":"Float","timestamp":"2025-04-24T12:14:29.555Z"}
{"name":"unknownNode","value":3629.62548828125,"dataType":"Float","timestamp":"2025-04-24T12:14:27.462Z"}
{"name":"unknownNode","value":234.8000030517578,"dataType":"Float","timestamp":"2025-04-24T12:14:30.571Z"}
{"name":"unknownNode","value":2330,"dataType":"Int16","timestamp":"2025-04-24T12:14:27.462Z"}
{"name":"unknownNode","value":2331,"dataType":"Int16","timestamp":"2025-04-24T12:14:29.524Z"}
{"name":"unknownNode","value":1934,"dataType":"Int16","timestamp":"2025-04-24T12:14:27.493Z"}
{"name":"unknownNode","value":1935,"dataType":"Int16","timestamp":"2025-04-24T12:14:29.555Z"}
{"name":"unknownNode","value":8212,"dataType":"Int16","timestamp":"2025-04-24T12:14:27.462Z"}
{"name":"unknownNode","value":8211,"dataType":"Int16","timestamp":"2025-04-24T12:14:30.571Z"}
{"name":"unknownNode","value":8207,"dataType":"Int16","timestamp":"2025-04-24T12:14:26.431Z"}
{"name":"unknownNode","value":8208,"dataType":"Int16","timestamp":"2025-04-24T12:14:30.571Z"}
{"name":"unknownNode","value":2,"dataType":"Int16","timestamp":"2025-04-24T12:14:26.431Z"}
{"name":"unknownNode","value":1,"dataType":"Int16","timestamp":"2025-04-24T12:14:30.571Z"}
{"name":"unknownNode","value":2073,"dataType":"Int16","timestamp":"2025-04-24T12:14:26.431Z"}
{"name":"unknownNode","value":2074,"dataType":"Int16","timestamp":"2025-04-24T12:14:30.571Z"}
{"name":"unknownNode","value":377,"dataType":"Int16","timestamp":"2025-04-24T12:14:25.415Z"}
{"name":"unknownNode","value":9201.8115234375,"dataType":"Float","timestamp":"2025-04-24T12:14:30.571Z"}
{"name":"unknownNode","value":3640.307861328125,"dataType":"Float","timestamp":"2025-04-24T12:14:27.493Z"}
{"name":"unknownNode","value":3676.469970703125,"dataType":"Float","timestamp":"2025-04-24T12:14:30.602Z"}
{"name":"unknownNode","value":3290.734375,"dataType":"Float","timestamp":"2025-04-24T12:14:27.493Z"}
{"name":"unknownNode","value":3170.1884765625,"dataType":"Float","timestamp":"2025-04-24T12:14:30.602Z"}
{"name":"unknownNode","value":236.9499969482422,"dataType":"Float","timestamp":"2025-04-24T12:14:27.462Z"}
{"name":"unknownNode","value":235.875,"dataType":"Float","timestamp":"2025-04-24T12:14:30.571Z"}
{"name":"unknownNode","value":237.35000610351562,"dataType":"Float","timestamp":"2025-04-24T12:14:27.462Z"}
{"name":"unknownNode","value":236.14999389648438,"dataType":"Float","timestamp":"2025-04-24T12:14:30.571Z"}
{"name":"unknownNode","value":236.14999389648438,"dataType":"Float","timestamp":"2025-04-24T12:14:27.462Z"}
{"name":"unknownNode","value":5201.482421875,"dataType":"Float","timestamp":"2025-04-24T12:14:33.665Z"}
{"name":"unknownNode","value":2317.29296875,"dataType":"Float","timestamp":"2025-04-24T12:14:35.731Z"}
{"name":"unknownNode","value":17.7918758392334,"dataType":"Float","timestamp":"2025-04-24T12:14:33.665Z"}
{"name":"unknownNode","value":14.22599983215332,"dataType":"Float","timestamp":"2025-04-24T12:14:35.731Z"}
{"name":"unknownNode","value":8203,"dataType":"Int16","timestamp":"2025-04-24T12:14:33.665Z"}
{"name":"unknownNode","value":7092.71533203125,"dataType":"Float","timestamp":"2025-04-24T12:14:33.665Z"}
{"name":"unknownNode","value":3584.821533203125,"dataType":"Float","timestamp":"2025-04-24T12:14:35.731Z"}
{"name":"unknownNode","value":7563.91943359375,"dataType":"Float","timestamp":"2025-04-24T12:14:33.665Z"}
{"name":"unknownNode","value":3702.316650390625,"dataType":"Float","timestamp":"2025-04-24T12:14:35.731Z"}
{"name":"unknownNode","value":63.726749420166016,"dataType":"Float","timestamp":"2025-04-24T12:14:33.665Z"}
{"name":"unknownNode","value":237.22500610351562,"dataType":"Float","timestamp":"2025-04-24T12:14:33.665Z"}
{"name":"unknownNode","value":237.10000610351562,"dataType":"Float","timestamp":"2025-04-24T12:14:35.731Z"}
{"name":"unknownNode","value":236.02499389648438,"dataType":"Float","timestamp":"2025-04-24T12:14:33.665Z"}
{"name":"unknownNode","value":235.625,"dataType":"Float","timestamp":"2025-04-24T12:14:34.685Z"}
{"name":"unknownNode","value":2332,"dataType":"Int16","timestamp":"2025-04-24T12:14:32.650Z"}
{"name":"unknownNode","value":2332,"dataType":"Int16","timestamp":"2025-04-24T12:14:35.731Z"}
{"name":"unknownNode","value":1936,"dataType":"Int16","timestamp":"2025-04-24T12:14:35.763Z"}
{"name":"unknownNode","value":8212,"dataType":"Int16","timestamp":"2025-04-24T12:14:31.619Z"}
{"name":"unknownNode","value":8207,"dataType":"Int16","timestamp":"2025-04-24T12:14:33.665Z"}
{"name":"unknownNode","value":2,"dataType":"Int16","timestamp":"2025-04-24T12:14:33.665Z"}
{"name":"unknownNode","value":2075,"dataType":"Int16","timestamp":"2025-04-24T12:14:34.685Z"}
{"name":"unknownNode","value":17.671875,"dataType":"Float","timestamp":"2025-04-24T12:14:35.731Z"}
{"name":"unknownNode","value":3072.243896484375,"dataType":"Float","timestamp":"2025-04-24T12:14:33.697Z"}
{"name":"unknownNode","value":3200.243896484375,"dataType":"Float","timestamp":"2025-04-24T12:14:35.763Z"}
{"name":"unknownNode","value":4937.64306640625,"dataType":"Float","timestamp":"2025-04-24T12:14:33.665Z"}
{"name":"unknownNode","value":2145.365478515625,"dataType":"Float","timestamp":"2025-04-24T12:14:35.731Z"}
{"name":"unknownNode","value":3555.93017578125,"dataType":"Float","timestamp":"2025-04-24T12:14:33.697Z"}
{"name":"unknownNode","value":3206.359375,"dataType":"Float","timestamp":"2025-04-24T12:14:31.650Z"}
{"name":"unknownNode","value":3206.359375,"dataType":"Float","timestamp":"2025-04-24T12:14:35.763Z"}
{"name":"unknownNode","value":236.6999969482422,"dataType":"Float","timestamp":"2025-04-24T12:14:33.665Z"}
{"name":"unknownNode","value":236.6999969482422,"dataType":"Float","timestamp":"2025-04-24T12:14:35.731Z"}
{"name":"unknownNode","value":378,"dataType":"Int16","timestamp":"2025-04-24T12:14:38.879Z"}
{"name":"unknownNode","value":6184.49755859375,"dataType":"Float","timestamp":"2025-04-24T12:14:39.878Z"}
{"name":"unknownNode","value":3123.642822265625,"dataType":"Float","timestamp":"2025-04-24T12:14:41.917Z"}
{"name":"unknownNode","value":29.568750381469727,"dataType":"Float","timestamp":"2025-04-24T12:14:39.878Z"}
{"name":"unknownNode","value":10.657125473022461,"dataType":"Float","timestamp":"2025-04-24T12:14:41.917Z"}
{"name":"unknownNode","value":8206,"dataType":"Int16","timestamp":"2025-04-24T12:14:41.917Z"}
{"name":"unknownNode","value":8280.2568359375,"dataType":"Float","timestamp":"2025-04-24T12:14:39.878Z"}
{"name":"unknownNode","value":5291.62353515625,"dataType":"Float","timestamp":"2025-04-24T12:14:41.917Z"}
{"name":"unknownNode","value":8935.6767578125,"dataType":"Float","timestamp":"2025-04-24T12:14:39.878Z"}
{"name":"unknownNode","value":5478.9462890625,"dataType":"Float","timestamp":"2025-04-24T12:14:41.917Z"}
{"name":"unknownNode","value":3611.495849609375,"dataType":"Float","timestamp":"2025-04-24T12:14:39.878Z"}
{"name":"unknownNode","value":236.5500030517578,"dataType":"Float","timestamp":"2025-04-24T12:14:41.917Z"}
{"name":"unknownNode","value":236.5500030517578,"dataType":"Float","timestamp":"2025-04-24T12:14:39.878Z"}
{"name":"unknownNode","value":236.8249969482422,"dataType":"Float","timestamp":"2025-04-24T12:14:40.886Z"}
{"name":"unknownNode","value":235.1999969482422,"dataType":"Float","timestamp":"2025-04-24T12:14:39.878Z"}
{"name":"unknownNode","value":235.35000610351562,"dataType":"Float","timestamp":"2025-04-24T12:14:40.886Z"}
{"name":"unknownNode","value":2332,"dataType":"Int16","timestamp":"2025-04-24T12:14:39.878Z"}
{"name":"unknownNode","value":1937,"dataType":"Int16","timestamp":"2025-04-24T12:14:37.840Z"}
{"name":"unknownNode","value":1938,"dataType":"Int16","timestamp":"2025-04-24T12:14:41.949Z"}
{"name":"unknownNode","value":8209,"dataType":"Int16","timestamp":"2025-04-24T12:14:41.917Z"}
{"name":"unknownNode","value":2076,"dataType":"Int16","timestamp":"2025-04-24T12:14:38.832Z"}
{"name":"unknownNode","value":2077,"dataType":"Int16","timestamp":"2025-04-24T12:14:41.917Z"}
{"name":"unknownNode","value":377,"dataType":"Int16","timestamp":"2025-04-24T12:14:39.925Z"}
{"name":"unknownNode","value":10.590750694274902,"dataType":"Float","timestamp":"2025-04-24T12:14:41.917Z"}
{"name":"unknownNode","value":3168.243896484375,"dataType":"Float","timestamp":"2025-04-24T12:14:39.925Z"}
{"name":"unknownNode","value":3040.243896484375,"dataType":"Float","timestamp":"2025-04-24T12:14:41.949Z"}
{"name":"unknownNode","value":5521.31982421875,"dataType":"Float","timestamp":"2025-04-24T12:14:39.878Z"}
{"name":"unknownNode","value":2805.3720703125,"dataType":"Float","timestamp":"2025-04-24T12:14:41.917Z"}
{"name":"unknownNode","value":3604.146240234375,"dataType":"Float","timestamp":"2025-04-24T12:14:38.879Z"}
{"name":"unknownNode","value":3519.768310546875,"dataType":"Float","timestamp":"2025-04-24T12:14:41.949Z"}
{"name":"unknownNode","value":3206.359375,"dataType":"Float","timestamp":"2025-04-24T12:14:37.840Z"}
{"name":"unknownNode","value":3170.1884765625,"dataType":"Float","timestamp":"2025-04-24T12:14:40.933Z"}
{"name":"unknownNode","value":236.27499389648438,"dataType":"Float","timestamp":"2025-04-24T12:14:39.878Z"}
{"name":"unknownNode","value":8206,"dataType":"Int16","timestamp":"2025-04-24T12:14:47.104Z"}
{"name":"unknownNode","value":3,"dataType":"Int16","timestamp":"2025-04-24T12:14:47.104Z"}
{"name":"unknownNode","value":8624.61328125,"dataType":"Float","timestamp":"2025-04-24T12:14:45.011Z"}
{"name":"unknownNode","value":5961.06005859375,"dataType":"Float","timestamp":"2025-04-24T12:14:47.104Z"}
{"name":"unknownNode","value":12412.3125,"dataType":"Float","timestamp":"2025-04-24T12:14:45.011Z"}
{"name":"unknownNode","value":29.618749618530273,"dataType":"Float","timestamp":"2025-04-24T12:14:47.104Z"}
{"name":"unknownNode","value":8824.498046875,"dataType":"Float","timestamp":"2025-04-24T12:14:45.011Z"}
{"name":"unknownNode","value":8628.1611328125,"dataType":"Float","timestamp":"2025-04-24T12:14:47.104Z"}
{"name":"unknownNode","value":8203,"dataType":"Int16","timestamp":"2025-04-24T12:14:42.962Z"}
{"name":"unknownNode","value":9454.63671875,"dataType":"Float","timestamp":"2025-04-24T12:14:45.011Z"}
{"name":"unknownNode","value":5359.349609375,"dataType":"Float","timestamp":"2025-04-24T12:14:48.150Z"}
{"name":"unknownNode","value":12355.875,"dataType":"Float","timestamp":"2025-04-24T12:14:45.011Z"}
{"name":"unknownNode","value":0,"dataType":"Float","timestamp":"2025-04-24T12:14:48.150Z"}
{"name":"unknownNode","value":3200.243896484375,"dataType":"Float","timestamp":"2025-04-24T12:14:45.042Z"}
{"name":"unknownNode","value":3120.243896484375,"dataType":"Float","timestamp":"2025-04-24T12:14:48.182Z"}
{"name":"unknownNode","value":9549.3271484375,"dataType":"Float","timestamp":"2025-04-24T12:14:45.011Z"}
{"name":"unknownNode","value":3420.2744140625,"dataType":"Float","timestamp":"2025-04-24T12:14:48.150Z"}
{"name":"unknownNode","value":3640.307861328125,"dataType":"Float","timestamp":"2025-04-24T12:14:45.042Z"}
{"name":"unknownNode","value":2334,"dataType":"Int16","timestamp":"2025-04-24T12:14:46.057Z"}
{"name":"unknownNode","value":1937,"dataType":"Int16","timestamp":"2025-04-24T12:14:44.024Z"}
{"name":"unknownNode","value":1938,"dataType":"Int16","timestamp":"2025-04-24T12:14:46.088Z"}
{"name":"unknownNode","value":8212,"dataType":"Int16","timestamp":"2025-04-24T12:14:42.962Z"}
{"name":"unknownNode","value":8212,"dataType":"Int16","timestamp":"2025-04-24T12:14:48.150Z"}
{"name":"unknownNode","value":2077,"dataType":"Int16","timestamp":"2025-04-24T12:14:43.993Z"}
{"name":"unknownNode","value":2078,"dataType":"Int16","timestamp":"2025-04-24T12:14:48.150Z"}
{"name":"unknownNode","value":377,"dataType":"Int16","timestamp":"2025-04-24T12:14:48.182Z"}
{"name":"unknownNode","value":8207,"dataType":"Int16","timestamp":"2025-04-24T12:14:48.150Z"}
{"name":"unknownNode","value":2,"dataType":"Int16","timestamp":"2025-04-24T12:14:48.150Z"}
{"name":"unknownNode","value":3555.93017578125,"dataType":"Float","timestamp":"2025-04-24T12:14:48.182Z"}
{"name":"unknownNode","value":3206.359375,"dataType":"Float","timestamp":"2025-04-24T12:14:42.993Z"}
{"name":"unknownNode","value":3170.1884765625,"dataType":"Float","timestamp":"2025-04-24T12:14:48.182Z"}
{"name":"unknownNode","value":236.5500030517578,"dataType":"Float","timestamp":"2025-04-24T12:14:45.011Z"}
{"name":"unknownNode","value":236.8249969482422,"dataType":"Float","timestamp":"2025-04-24T12:14:48.150Z"}
{"name":"unknownNode","value":236.4250030517578,"dataType":"Float","timestamp":"2025-04-24T12:14:45.011Z"}
{"name":"unknownNode","value":236.8249969482422,"dataType":"Float","timestamp":"2025-04-24T12:14:48.150Z"}
{"name":"unknownNode","value":235.35000610351562,"dataType":"Float","timestamp":"2025-04-24T12:14:45.011Z"}
{"name":"unknownNode","value":235.47500610351562,"dataType":"Float","timestamp":"2025-04-24T12:14:48.150Z"}
{"name":"unknownNode","value":2332,"dataType":"Int16","timestamp":"2025-04-24T12:14:45.011Z"}
{"name":"unknownNode","value":6062.365234375,"dataType":"Float","timestamp":"2025-04-24T12:14:51.236Z"}
{"name":"unknownNode","value":8038.0751953125,"dataType":"Float","timestamp":"2025-04-24T12:14:53.286Z"}
{"name":"unknownNode","value":12201.740234375,"dataType":"Float","timestamp":"2025-04-24T12:14:51.236Z"}
{"name":"unknownNode","value":966.2459716796875,"dataType":"Float","timestamp":"2025-04-24T12:14:53.286Z"}
{"name":"unknownNode","value":6818.23583984375,"dataType":"Float","timestamp":"2025-04-24T12:14:51.236Z"}
{"name":"unknownNode","value":10028.6923828125,"dataType":"Float","timestamp":"2025-04-24T12:14:53.286Z"}
{"name":"unknownNode","value":7331.23291015625,"dataType":"Float","timestamp":"2025-04-24T12:14:51.236Z"}
{"name":"unknownNode","value":10130.189453125,"dataType":"Float","timestamp":"2025-04-24T12:14:53.286Z"}
{"name":"unknownNode","value":12355.875,"dataType":"Float","timestamp":"2025-04-24T12:14:51.236Z"}
{"name":"unknownNode","value":6186.93603515625,"dataType":"Float","timestamp":"2025-04-24T12:14:53.286Z"}
{"name":"unknownNode","value":3072.243896484375,"dataType":"Float","timestamp":"2025-04-24T12:14:51.283Z"}
{"name":"unknownNode","value":3168.243896484375,"dataType":"Float","timestamp":"2025-04-24T12:14:52.295Z"}
{"name":"unknownNode","value":7285.25927734375,"dataType":"Float","timestamp":"2025-04-24T12:14:51.236Z"}
{"name":"unknownNode","value":5275.37060546875,"dataType":"Float","timestamp":"2025-04-24T12:14:54.309Z"}
{"name":"unknownNode","value":3604.146240234375,"dataType":"Float","timestamp":"2025-04-24T12:14:51.283Z"}
{"name":"unknownNode","value":3604.146240234375,"dataType":"Float","timestamp":"2025-04-24T12:14:54.342Z"}
{"name":"unknownNode","value":3134.0322265625,"dataType":"Float","timestamp":"2025-04-24T12:14:50.278Z"}
{"name":"unknownNode","value":3242.515625,"dataType":"Float","timestamp":"2025-04-24T12:14:52.295Z"}
{"name":"unknownNode","value":236.9499969482422,"dataType":"Float","timestamp":"2025-04-24T12:14:51.236Z"}
{"name":"unknownNode","value":236.6999969482422,"dataType":"Float","timestamp":"2025-04-24T12:14:54.309Z"}
{"name":"unknownNode","value":8207,"dataType":"Int16","timestamp":"2025-04-24T12:14:51.236Z"}
{"name":"unknownNode","value":2,"dataType":"Int16","timestamp":"2025-04-24T12:14:51.236Z"}
{"name":"unknownNode","value":236.9499969482422,"dataType":"Float","timestamp":"2025-04-24T12:14:51.236Z"}
{"name":"unknownNode","value":236.8249969482422,"dataType":"Float","timestamp":"2025-04-24T12:14:53.286Z"}
{"name":"unknownNode","value":235.35000610351562,"dataType":"Float","timestamp":"2025-04-24T12:14:51.236Z"}
{"name":"unknownNode","value":235.35000610351562,"dataType":"Float","timestamp":"2025-04-24T12:14:54.309Z"}
{"name":"unknownNode","value":2335,"dataType":"Int16","timestamp":"2025-04-24T12:14:51.236Z"}
{"name":"unknownNode","value":2334,"dataType":"Int16","timestamp":"2025-04-24T12:14:53.286Z"}
{"name":"unknownNode","value":1939,"dataType":"Int16","timestamp":"2025-04-24T12:14:54.342Z"}
{"name":"unknownNode","value":8211,"dataType":"Int16","timestamp":"2025-04-24T12:14:51.236Z"}
{"name":"unknownNode","value":8212,"dataType":"Int16","timestamp":"2025-04-24T12:14:52.264Z"}
{"name":"unknownNode","value":2079,"dataType":"Int16","timestamp":"2025-04-24T12:14:53.286Z"}
{"name":"unknownNode","value":376,"dataType":"Int16","timestamp":"2025-04-24T12:14:58.512Z"}
{"name":"unknownNode","value":8206,"dataType":"Int16","timestamp":"2025-04-24T12:15:00.515Z"}
{"name":"unknownNode","value":1828.5074462890625,"dataType":"Float","timestamp":"2025-04-24T12:14:57.419Z"}
{"name":"unknownNode","value":6673.0751953125,"dataType":"Float","timestamp":"2025-04-24T12:15:00.515Z"}
{"name":"unknownNode","value":14.20199966430664,"dataType":"Float","timestamp":"2025-04-24T12:14:57.419Z"}
{"name":"unknownNode","value":336.9056091308594,"dataType":"Float","timestamp":"2025-04-24T12:15:00.515Z"}
{"name":"unknownNode","value":3156.39453125,"dataType":"Float","timestamp":"2025-04-24T12:14:57.419Z"}
{"name":"unknownNode","value":9486.837890625,"dataType":"Float","timestamp":"2025-04-24T12:15:00.515Z"}
{"name":"unknownNode","value":2925.61181640625,"dataType":"Float","timestamp":"2025-04-24T12:14:57.419Z"}
{"name":"unknownNode","value":10092.9833984375,"dataType":"Float","timestamp":"2025-04-24T12:15:00.515Z"}
{"name":"unknownNode","value":5.880000114440918,"dataType":"Float","timestamp":"2025-04-24T12:14:56.377Z"}
{"name":"unknownNode","value":236.5500030517578,"dataType":"Float","timestamp":"2025-04-24T12:14:59.484Z"}
{"name":"unknownNode","value":236.6999969482422,"dataType":"Float","timestamp":"2025-04-24T12:14:57.419Z"}
{"name":"unknownNode","value":236.4250030517578,"dataType":"Float","timestamp":"2025-04-24T12:15:00.515Z"}
{"name":"unknownNode","value":235.1999969482422,"dataType":"Float","timestamp":"2025-04-24T12:14:55.354Z"}
{"name":"unknownNode","value":235.0749969482422,"dataType":"Float","timestamp":"2025-04-24T12:15:00.515Z"}
{"name":"unknownNode","value":2335,"dataType":"Int16","timestamp":"2025-04-24T12:14:55.354Z"}
{"name":"unknownNode","value":2336,"dataType":"Int16","timestamp":"2025-04-24T12:15:00.515Z"}
{"name":"unknownNode","value":1940,"dataType":"Int16","timestamp":"2025-04-24T12:14:55.385Z"}
{"name":"unknownNode","value":8212,"dataType":"Int16","timestamp":"2025-04-24T12:14:56.377Z"}
{"name":"unknownNode","value":8212,"dataType":"Int16","timestamp":"2025-04-24T12:14:59.484Z"}
{"name":"unknownNode","value":2080,"dataType":"Int16","timestamp":"2025-04-24T12:14:57.419Z"}
{"name":"unknownNode","value":8207,"dataType":"Int16","timestamp":"2025-04-24T12:14:56.377Z"}
{"name":"unknownNode","value":8209,"dataType":"Int16","timestamp":"2025-04-24T12:15:00.515Z"}
{"name":"unknownNode","value":2,"dataType":"Int16","timestamp":"2025-04-24T12:14:56.377Z"}
{"name":"unknownNode","value":0,"dataType":"Int16","timestamp":"2025-04-24T12:15:00.515Z"}
{"name":"unknownNode","value":376,"dataType":"Int16","timestamp":"2025-04-24T12:15:00.546Z"}
{"name":"unknownNode","value":6100.1962890625,"dataType":"Float","timestamp":"2025-04-24T12:15:00.515Z"}
{"name":"unknownNode","value":3072.243896484375,"dataType":"Float","timestamp":"2025-04-24T12:14:57.450Z"}
{"name":"unknownNode","value":3200.243896484375,"dataType":"Float","timestamp":"2025-04-24T12:14:59.531Z"}
{"name":"unknownNode","value":1632.2879638671875,"dataType":"Float","timestamp":"2025-04-24T12:14:57.419Z"}
{"name":"unknownNode","value":7464.80615234375,"dataType":"Float","timestamp":"2025-04-24T12:15:00.515Z"}
{"name":"unknownNode","value":3555.93017578125,"dataType":"Float","timestamp":"2025-04-24T12:14:57.450Z"}
{"name":"unknownNode","value":3640.307861328125,"dataType":"Float","timestamp":"2025-04-24T12:15:00.546Z"}
{"name":"unknownNode","value":3170.1884765625,"dataType":"Float","timestamp":"2025-04-24T12:14:57.450Z"}
{"name":"unknownNode","value":3242.515625,"dataType":"Float","timestamp":"2025-04-24T12:15:00.546Z"}
{"name":"unknownNode","value":236.6999969482422,"dataType":"Float","timestamp":"2025-04-24T12:14:57.419Z"}
{"name":"unknownNode","value":2850.188720703125,"dataType":"Float","timestamp":"2025-04-24T12:15:03.572Z"}
{"name":"unknownNode","value":6818.896484375,"dataType":"Float","timestamp":"2025-04-24T12:15:05.649Z"}
{"name":"unknownNode","value":21.314250946044922,"dataType":"Float","timestamp":"2025-04-24T12:15:03.572Z"}
{"name":"unknownNode","value":12391.3125,"dataType":"Float","timestamp":"2025-04-24T12:15:05.649Z"}
{"name":"unknownNode","value":4361.13232421875,"dataType":"Float","timestamp":"2025-04-24T12:15:03.572Z"}
{"name":"unknownNode","value":7296.17138671875,"dataType":"Float","timestamp":"2025-04-24T12:15:05.649Z"}
{"name":"unknownNode","value":4217.85302734375,"dataType":"Float","timestamp":"2025-04-24T12:15:03.572Z"}
{"name":"unknownNode","value":7925.7197265625,"dataType":"Float","timestamp":"2025-04-24T12:15:05.649Z"}
{"name":"unknownNode","value":17.671875,"dataType":"Float","timestamp":"2025-04-24T12:15:03.572Z"}
{"name":"unknownNode","value":12334.875,"dataType":"Float","timestamp":"2025-04-24T12:15:05.649Z"}
{"name":"unknownNode","value":3232.243896484375,"dataType":"Float","timestamp":"2025-04-24T12:15:03.603Z"}
{"name":"unknownNode","value":3168.243896484375,"dataType":"Float","timestamp":"2025-04-24T12:15:04.650Z"}
{"name":"unknownNode","value":2701.440673828125,"dataType":"Float","timestamp":"2025-04-24T12:15:03.572Z"}
{"name":"unknownNode","value":8076.40625,"dataType":"Float","timestamp":"2025-04-24T12:15:05.649Z"}
{"name":"unknownNode","value":3640.307861328125,"dataType":"Float","timestamp":"2025-04-24T12:15:03.603Z"}
{"name":"unknownNode","value":3604.146240234375,"dataType":"Float","timestamp":"2025-04-24T12:15:04.650Z"}
{"name":"unknownNode","value":3206.359375,"dataType":"Float","timestamp":"2025-04-24T12:15:03.603Z"}
{"name":"unknownNode","value":3170.1884765625,"dataType":"Float","timestamp":"2025-04-24T12:15:04.650Z"}
{"name":"unknownNode","value":8203,"dataType":"Int16","timestamp":"2025-04-24T12:15:03.572Z"}
{"name":"unknownNode","value":8203,"dataType":"Int16","timestamp":"2025-04-24T12:15:05.649Z"}
{"name":"unknownNode","value":236.8249969482422,"dataType":"Float","timestamp":"2025-04-24T12:15:03.572Z"}
{"name":"unknownNode","value":236.27499389648438,"dataType":"Float","timestamp":"2025-04-24T12:15:05.649Z"}
{"name":"unknownNode","value":236.8249969482422,"dataType":"Float","timestamp":"2025-04-24T12:15:03.572Z"}
{"name":"unknownNode","value":236.02499389648438,"dataType":"Float","timestamp":"2025-04-24T12:15:05.649Z"}
{"name":"unknownNode","value":235.625,"dataType":"Float","timestamp":"2025-04-24T12:15:03.572Z"}
{"name":"unknownNode","value":234.9499969482422,"dataType":"Float","timestamp":"2025-04-24T12:15:05.649Z"}
{"name":"unknownNode","value":2337,"dataType":"Int16","timestamp":"2025-04-24T12:15:02.557Z"}
{"name":"unknownNode","value":2332,"dataType":"Int16","timestamp":"2025-04-24T12:15:05.649Z"}
{"name":"unknownNode","value":8212,"dataType":"Int16","timestamp":"2025-04-24T12:15:03.572Z"}
{"name":"unknownNode","value":2081,"dataType":"Int16","timestamp":"2025-04-24T12:15:02.557Z"}
{"name":"unknownNode","value":8207,"dataType":"Int16","timestamp":"2025-04-24T12:15:01.530Z"}
{"name":"unknownNode","value":8207,"dataType":"Int16","timestamp":"2025-04-24T12:15:05.649Z"}
{"name":"unknownNode","value":2,"dataType":"Int16","timestamp":"2025-04-24T12:15:01.530Z"}
{"name":"unknownNode","value":2,"dataType":"Int16","timestamp":"2025-04-24T12:15:05.649Z"}
{"name":"unknownNode","value":376,"dataType":"Int16","timestamp":"2025-04-24T12:15:05.680Z"}
{"name":"unknownNode","value":1941,"dataType":"Int16","timestamp":"2025-04-24T12:15:06.727Z"}
{"name":"unknownNode","value":3019.1474609375,"dataType":"Float","timestamp":"2025-04-24T12:15:09.805Z"}
{"name":"unknownNode","value":1724.3594970703125,"dataType":"Float","timestamp":"2025-04-24T12:15:11.855Z"}
{"name":"unknownNode","value":14.185500144958496,"dataType":"Float","timestamp":"2025-04-24T12:15:09.805Z"}
{"name":"unknownNode","value":14.192999839782715,"dataType":"Float","timestamp":"2025-04-24T12:15:11.855Z"}
{"name":"unknownNode","value":5011.02783203125,"dataType":"Float","timestamp":"2025-04-24T12:15:09.805Z"}
{"name":"unknownNode","value":2848.684326171875,"dataType":"Float","timestamp":"2025-04-24T12:15:11.855Z"}
{"name":"unknownNode","value":5188.3466796875,"dataType":"Float","timestamp":"2025-04-24T12:15:09.805Z"}
{"name":"unknownNode","value":2804.30029296875,"dataType":"Float","timestamp":"2025-04-24T12:15:11.855Z"}
{"name":"unknownNode","value":0,"dataType":"Float","timestamp":"2025-04-24T12:15:09.805Z"}
{"name":"unknownNode","value":0,"dataType":"Float","timestamp":"2025-04-24T12:15:11.855Z"}
{"name":"unknownNode","value":236.6999969482422,"dataType":"Float","timestamp":"2025-04-24T12:15:11.855Z"}
{"name":"unknownNode","value":236.4250030517578,"dataType":"Float","timestamp":"2025-04-24T12:15:09.805Z"}
{"name":"unknownNode","value":236.5500030517578,"dataType":"Float","timestamp":"2025-04-24T12:15:11.855Z"}
{"name":"unknownNode","value":235.47500610351562,"dataType":"Float","timestamp":"2025-04-24T12:15:09.805Z"}
{"name":"unknownNode","value":235.1999969482422,"dataType":"Float","timestamp":"2025-04-24T12:15:11.855Z"}
{"name":"unknownNode","value":2338,"dataType":"Int16","timestamp":"2025-04-24T12:15:09.805Z"}
{"name":"unknownNode","value":2333,"dataType":"Int16","timestamp":"2025-04-24T12:15:11.855Z"}
{"name":"unknownNode","value":8212,"dataType":"Int16","timestamp":"2025-04-24T12:15:11.855Z"}
{"name":"unknownNode","value":2082,"dataType":"Int16","timestamp":"2025-04-24T12:15:06.696Z"}
{"name":"unknownNode","value":2083,"dataType":"Int16","timestamp":"2025-04-24T12:15:10.836Z"}
{"name":"unknownNode","value":8207,"dataType":"Int16","timestamp":"2025-04-24T12:15:07.711Z"}
{"name":"unknownNode","value":8207,"dataType":"Int16","timestamp":"2025-04-24T12:15:11.855Z"}
{"name":"unknownNode","value":2,"dataType":"Int16","timestamp":"2025-04-24T12:15:07.711Z"}
{"name":"unknownNode","value":2,"dataType":"Int16","timestamp":"2025-04-24T12:15:11.855Z"}
{"name":"unknownNode","value":375,"dataType":"Int16","timestamp":"2025-04-24T12:15:07.742Z"}
{"name":"unknownNode","value":1942,"dataType":"Int16","timestamp":"2025-04-24T12:15:11.887Z"}
{"name":"unknownNode","value":3168.243896484375,"dataType":"Float","timestamp":"2025-04-24T12:15:09.867Z"}
{"name":"unknownNode","value":3040.243896484375,"dataType":"Float","timestamp":"2025-04-24T12:15:11.887Z"}
{"name":"unknownNode","value":3087.0771484375,"dataType":"Float","timestamp":"2025-04-24T12:15:09.805Z"}
{"name":"unknownNode","value":1628.760009765625,"dataType":"Float","timestamp":"2025-04-24T12:15:11.855Z"}
{"name":"unknownNode","value":3555.93017578125,"dataType":"Float","timestamp":"2025-04-24T12:15:09.867Z"}
{"name":"unknownNode","value":3555.93017578125,"dataType":"Float","timestamp":"2025-04-24T12:15:11.887Z"}
{"name":"unknownNode","value":3170.1884765625,"dataType":"Float","timestamp":"2025-04-24T12:15:09.867Z"}
{"name":"unknownNode","value":3134.0322265625,"dataType":"Float","timestamp":"2025-04-24T12:15:11.887Z"}
{"name":"unknownNode","value":8203,"dataType":"Int16","timestamp":"2025-04-24T12:15:07.711Z"}
{"name":"unknownNode","value":236.4250030517578,"dataType":"Float","timestamp":"2025-04-24T12:15:09.805Z"}
{"name":"unknownNode","value":4005.97412109375,"dataType":"Float","timestamp":"2025-04-24T12:15:16.026Z"}
{"name":"unknownNode","value":2864.070068359375,"dataType":"Float","timestamp":"2025-04-24T12:15:17.041Z"}
{"name":"unknownNode","value":14.20199966430664,"dataType":"Float","timestamp":"2025-04-24T12:15:16.026Z"}
{"name":"unknownNode","value":14.192999839782715,"dataType":"Float","timestamp":"2025-04-24T12:15:17.041Z"}
{"name":"unknownNode","value":6126.64501953125,"dataType":"Float","timestamp":"2025-04-24T12:15:16.026Z"}
{"name":"unknownNode","value":4628.66845703125,"dataType":"Float","timestamp":"2025-04-24T12:15:17.041Z"}
{"name":"unknownNode","value":6164.8515625,"dataType":"Float","timestamp":"2025-04-24T12:15:16.026Z"}
{"name":"unknownNode","value":4564.232421875,"dataType":"Float","timestamp":"2025-04-24T12:15:17.041Z"}
{"name":"unknownNode","value":10.608750343322754,"dataType":"Float","timestamp":"2025-04-24T12:15:16.026Z"}
{"name":"unknownNode","value":17.660625457763672,"dataType":"Float","timestamp":"2025-04-24T12:15:17.041Z"}
{"name":"unknownNode","value":3072.243896484375,"dataType":"Float","timestamp":"2025-04-24T12:15:13.948Z"}
{"name":"unknownNode","value":3200.243896484375,"dataType":"Float","timestamp":"2025-04-24T12:15:17.072Z"}
{"name":"unknownNode","value":3904.019775390625,"dataType":"Float","timestamp":"2025-04-24T12:15:16.026Z"}
{"name":"unknownNode","value":2776.250244140625,"dataType":"Float","timestamp":"2025-04-24T12:15:17.041Z"}
{"name":"unknownNode","value":3519.768310546875,"dataType":"Float","timestamp":"2025-04-24T12:15:15.011Z"}
{"name":"unknownNode","value":3640.307861328125,"dataType":"Float","timestamp":"2025-04-24T12:15:17.072Z"}
{"name":"unknownNode","value":3206.359375,"dataType":"Float","timestamp":"2025-04-24T12:15:13.948Z"}
{"name":"unknownNode","value":3290.734375,"dataType":"Float","timestamp":"2025-04-24T12:15:17.072Z"}
{"name":"unknownNode","value":8203,"dataType":"Int16","timestamp":"2025-04-24T12:15:13.917Z"}
{"name":"unknownNode","value":236.5500030517578,"dataType":"Float","timestamp":"2025-04-24T12:15:16.026Z"}
{"name":"unknownNode","value":236.5500030517578,"dataType":"Float","timestamp":"2025-04-24T12:15:18.087Z"}
{"name":"unknownNode","value":236.6999969482422,"dataType":"Float","timestamp":"2025-04-24T12:15:16.026Z"}
{"name":"unknownNode","value":236.4250030517578,"dataType":"Float","timestamp":"2025-04-24T12:15:18.087Z"}
{"name":"unknownNode","value":235.75,"dataType":"Float","timestamp":"2025-04-24T12:15:16.026Z"}
{"name":"unknownNode","value":235.35000610351562,"dataType":"Float","timestamp":"2025-04-24T12:15:18.087Z"}
{"name":"unknownNode","value":2339,"dataType":"Int16","timestamp":"2025-04-24T12:15:16.026Z"}
{"name":"unknownNode","value":2336,"dataType":"Int16","timestamp":"2025-04-24T12:15:18.087Z"}
{"name":"unknownNode","value":8209,"dataType":"Int16","timestamp":"2025-04-24T12:15:18.087Z"}
{"name":"unknownNode","value":2084,"dataType":"Int16","timestamp":"2025-04-24T12:15:14.979Z"}
{"name":"unknownNode","value":8207,"dataType":"Int16","timestamp":"2025-04-24T12:15:13.917Z"}
{"name":"unknownNode","value":8206,"dataType":"Int16","timestamp":"2025-04-24T12:15:18.087Z"}
{"name":"unknownNode","value":2,"dataType":"Int16","timestamp":"2025-04-24T12:15:13.917Z"}
{"name":"unknownNode","value":3,"dataType":"Int16","timestamp":"2025-04-24T12:15:18.087Z"}
{"name":"unknownNode","value":1943,"dataType":"Int16","timestamp":"2025-04-24T12:15:15.011Z"}
{"name":"unknownNode","value":6738.5400390625,"dataType":"Float","timestamp":"2025-04-24T12:15:21.217Z"}
{"name":"unknownNode","value":2674.19775390625,"dataType":"Float","timestamp":"2025-04-24T12:15:24.309Z"}
{"name":"unknownNode","value":275.2603454589844,"dataType":"Float","timestamp":"2025-04-24T12:15:21.217Z"}
{"name":"unknownNode","value":10.644750595092773,"dataType":"Float","timestamp":"2025-04-24T12:15:24.309Z"}
{"name":"unknownNode","value":9905.3115234375,"dataType":"Float","timestamp":"2025-04-24T12:15:21.217Z"}
{"name":"unknownNode","value":4062.74609375,"dataType":"Float","timestamp":"2025-04-24T12:15:24.309Z"}
{"name":"unknownNode","value":10018.060546875,"dataType":"Float","timestamp":"2025-04-24T12:15:21.217Z"}
{"name":"unknownNode","value":3908.98876953125,"dataType":"Float","timestamp":"2025-04-24T12:15:24.309Z"}
{"name":"unknownNode","value":6302.67333984375,"dataType":"Float","timestamp":"2025-04-24T12:15:21.217Z"}
{"name":"unknownNode","value":17.660625457763672,"dataType":"Float","timestamp":"2025-04-24T12:15:24.309Z"}
{"name":"unknownNode","value":236.5500030517578,"dataType":"Float","timestamp":"2025-04-24T12:15:24.309Z"}
{"name":"unknownNode","value":236.27499389648438,"dataType":"Float","timestamp":"2025-04-24T12:15:21.217Z"}
{"name":"unknownNode","value":236.5500030517578,"dataType":"Float","timestamp":"2025-04-24T12:15:22.236Z"}
{"name":"unknownNode","value":235.35000610351562,"dataType":"Float","timestamp":"2025-04-24T12:15:21.217Z"}
{"name":"unknownNode","value":235.47500610351562,"dataType":"Float","timestamp":"2025-04-24T12:15:24.309Z"}
{"name":"unknownNode","value":2339,"dataType":"Int16","timestamp":"2025-04-24T12:15:19.117Z"}
{"name":"unknownNode","value":2336,"dataType":"Int16","timestamp":"2025-04-24T12:15:24.309Z"}
{"name":"unknownNode","value":8215,"dataType":"Int16","timestamp":"2025-04-24T12:15:21.217Z"}
{"name":"unknownNode","value":8212,"dataType":"Int16","timestamp":"2025-04-24T12:15:22.236Z"}
{"name":"unknownNode","value":2083,"dataType":"Int16","timestamp":"2025-04-24T12:15:21.217Z"}
{"name":"unknownNode","value":2085,"dataType":"Int16","timestamp":"2025-04-24T12:15:22.236Z"}
{"name":"unknownNode","value":8209,"dataType":"Int16","timestamp":"2025-04-24T12:15:21.217Z"}
{"name":"unknownNode","value":8209,"dataType":"Int16","timestamp":"2025-04-24T12:15:24.309Z"}
{"name":"unknownNode","value":0,"dataType":"Int16","timestamp":"2025-04-24T12:15:21.217Z"}
{"name":"unknownNode","value":0,"dataType":"Int16","timestamp":"2025-04-24T12:15:24.309Z"}
{"name":"unknownNode","value":1944,"dataType":"Int16","timestamp":"2025-04-24T12:15:22.267Z"}
{"name":"unknownNode","value":3232.243896484375,"dataType":"Float","timestamp":"2025-04-24T12:15:21.249Z"}
{"name":"unknownNode","value":3200.243896484375,"dataType":"Float","timestamp":"2025-04-24T12:15:24.340Z"}
{"name":"unknownNode","value":6605.09814453125,"dataType":"Float","timestamp":"2025-04-24T12:15:21.217Z"}
{"name":"unknownNode","value":2289.99462890625,"dataType":"Float","timestamp":"2025-04-24T12:15:24.309Z"}
{"name":"unknownNode","value":3640.307861328125,"dataType":"Float","timestamp":"2025-04-24T12:15:21.249Z"}
{"name":"unknownNode","value":3555.93017578125,"dataType":"Float","timestamp":"2025-04-24T12:15:24.340Z"}
{"name":"unknownNode","value":3290.734375,"dataType":"Float","timestamp":"2025-04-24T12:15:21.249Z"}
{"name":"unknownNode","value":3206.359375,"dataType":"Float","timestamp":"2025-04-24T12:15:24.340Z"}
{"name":"unknownNode","value":8206,"dataType":"Int16","timestamp":"2025-04-24T12:15:24.309Z"}
{"name":"unknownNode","value":236.14999389648438,"dataType":"Float","timestamp":"2025-04-24T12:15:20.163Z"}
{"name":"unknownNode","value":374,"dataType":"Int16","timestamp":"2025-04-24T12:15:25.356Z"}
{"name":"unknownNode","value":9632.55859375,"dataType":"Float","timestamp":"2025-04-24T12:15:27.371Z"}
{"name":"unknownNode","value":4243.49853515625,"dataType":"Float","timestamp":"2025-04-24T12:15:30.453Z"}
{"name":"unknownNode","value":9488.9375,"dataType":"Float","timestamp":"2025-04-24T12:15:27.371Z"}
{"name":"unknownNode","value":21.27825164794922,"dataType":"Float","timestamp":"2025-04-24T12:15:30.453Z"}
{"name":"unknownNode","value":9982.060546875,"dataType":"Float","timestamp":"2025-04-24T12:15:27.371Z"}
{"name":"unknownNode","value":5996.6591796875,"dataType":"Float","timestamp":"2025-04-24T12:15:30.453Z"}
{"name":"unknownNode","value":10497.947265625,"dataType":"Float","timestamp":"2025-04-24T12:15:27.371Z"}
{"name":"unknownNode","value":5753.40234375,"dataType":"Float","timestamp":"2025-04-24T12:15:30.453Z"}
{"name":"unknownNode","value":12334.875,"dataType":"Float","timestamp":"2025-04-24T12:15:27.371Z"}
{"name":"unknownNode","value":17.630624771118164,"dataType":"Float","timestamp":"2025-04-24T12:15:30.453Z"}
{"name":"unknownNode","value":236.14999389648438,"dataType":"Float","timestamp":"2025-04-24T12:15:27.371Z"}
{"name":"unknownNode","value":236.27499389648438,"dataType":"Float","timestamp":"2025-04-24T12:15:30.453Z"}
{"name":"unknownNode","value":235.75,"dataType":"Float","timestamp":"2025-04-24T12:15:27.371Z"}
{"name":"unknownNode","value":236.4250030517578,"dataType":"Float","timestamp":"2025-04-24T12:15:30.453Z"}
{"name":"unknownNode","value":234.9499969482422,"dataType":"Float","timestamp":"2025-04-24T12:15:27.371Z"}
{"name":"unknownNode","value":235.0749969482422,"dataType":"Float","timestamp":"2025-04-24T12:15:28.419Z"}
{"name":"unknownNode","value":2340,"dataType":"Int16","timestamp":"2025-04-24T12:15:25.324Z"}
{"name":"unknownNode","value":2340,"dataType":"Int16","timestamp":"2025-04-24T12:15:30.453Z"}
{"name":"unknownNode","value":8215,"dataType":"Int16","timestamp":"2025-04-24T12:15:27.371Z"}
{"name":"unknownNode","value":8212,"dataType":"Int16","timestamp":"2025-04-24T12:15:30.453Z"}
{"name":"unknownNode","value":2086,"dataType":"Int16","timestamp":"2025-04-24T12:15:25.324Z"}
{"name":"unknownNode","value":2087,"dataType":"Int16","timestamp":"2025-04-24T12:15:29.439Z"}
{"name":"unknownNode","value":8209,"dataType":"Int16","timestamp":"2025-04-24T12:15:27.371Z"}
{"name":"unknownNode","value":8207,"dataType":"Int16","timestamp":"2025-04-24T12:15:30.453Z"}
{"name":"unknownNode","value":0,"dataType":"Int16","timestamp":"2025-04-24T12:15:27.371Z"}
{"name":"unknownNode","value":2,"dataType":"Int16","timestamp":"2025-04-24T12:15:30.453Z"}
{"name":"unknownNode","value":1945,"dataType":"Int16","timestamp":"2025-04-24T12:15:30.485Z"}
{"name":"unknownNode","value":375,"dataType":"Int16","timestamp":"2025-04-24T12:15:30.485Z"}
{"name":"unknownNode","value":3072.243896484375,"dataType":"Float","timestamp":"2025-04-24T12:15:27.402Z"}
{"name":"unknownNode","value":3168.243896484375,"dataType":"Float","timestamp":"2025-04-24T12:15:30.485Z"}
{"name":"unknownNode","value":9598.8818359375,"dataType":"Float","timestamp":"2025-04-24T12:15:27.371Z"}
{"name":"unknownNode","value":3606.050537109375,"dataType":"Float","timestamp":"2025-04-24T12:15:30.453Z"}
{"name":"unknownNode","value":3519.768310546875,"dataType":"Float","timestamp":"2025-04-24T12:15:27.402Z"}
{"name":"unknownNode","value":3555.93017578125,"dataType":"Float","timestamp":"2025-04-24T12:15:28.450Z"}
{"name":"unknownNode","value":3170.1884765625,"dataType":"Float","timestamp":"2025-04-24T12:15:27.402Z"}
{"name":"unknownNode","value":3206.359375,"dataType":"Float","timestamp":"2025-04-24T12:15:29.464Z"}
{"name":"unknownNode","value":8203,"dataType":"Int16","timestamp":"2025-04-24T12:15:25.324Z"}
{"name":"unknownNode","value":8203,"dataType":"Int16","timestamp":"2025-04-24T12:15:29.439Z"}
